method,seed_track_id,playlist_pairwise_similarity,playlist_adjacent_similarity,playlist_seed_genre_fraction,playlist_monotonic_drift_fraction,playlist_final_seed_distance,random_pairwise_similarity,random_adjacent_similarity,random_seed_genre_fraction,random_monotonic_drift_fraction,random_final_seed_distance
classification_embedding,blues/blues.00096,0.8018479943275452,0.9303328394889832,0.8,1.0,0.5208395719528198,0.4157948625087738,0.419816212952137,0.18600000000000003,0.5466666666666667,0.6065514731407166
classification_embedding,blues/blues.00071,0.7930938005447388,0.9145399928092957,0.8,0.8888888888888888,0.5279306173324585,0.41216942012310026,0.4315428975224495,0.19999999999999996,0.5622222222222222,0.6282318818569184
classification_embedding,blues/blues.00008,0.7861763834953308,0.9106705784797668,1.0,0.8888888888888888,0.45929837226867676,0.42033814907073974,0.4113285195827484,0.18000000000000005,0.56,0.5764961898326874
classification_embedding,blues/blues.00060,0.7248966693878174,0.9040145874023438,0.9,0.7777777777777778,0.46867942810058594,0.4238750356435776,0.4257010239362717,0.16799999999999998,0.5622222222222222,0.5815526497364044
classification_embedding,blues/blues.00041,0.763235330581665,0.9085158109664917,1.0,0.8888888888888888,0.32606828212738037,0.4352670174837112,0.4263574278354645,0.184,0.5555555555555556,0.5499285912513733
classification_embedding,blues/blues.00094,0.730771541595459,0.9127615690231323,0.8,0.7777777777777778,0.49766379594802856,0.41288778603076937,0.43056787371635435,0.20199999999999999,0.5800000000000001,0.6972006976604461
classification_embedding,blues/blues.00068,0.7326700091362,0.914317786693573,1.0,1.0,0.47136807441711426,0.41122931480407715,0.4120282602310181,0.17,0.5622222222222223,0.6233712208271026
classification_embedding,blues/blues.00009,0.7939649224281311,0.9133498668670654,1.0,0.8888888888888888,0.35266661643981934,0.4166619968414307,0.406671524643898,0.21999999999999997,0.5466666666666666,0.551650949716568
classification_embedding,blues/blues.00019,0.7257750630378723,0.9049044847488403,1.0,0.7777777777777778,0.5268752574920654,0.4114542782306671,0.4274363481998444,0.18999999999999997,0.5533333333333332,0.6129416978359222
classification_embedding,blues/blues.00082,0.7194507122039795,0.9039828181266785,0.9,0.8888888888888888,0.5016362071037292,0.40730811655521393,0.3971921128034592,0.20199999999999999,0.5577777777777777,0.6059424412250519
classification_embedding,classical/classical.00075,0.7251131534576416,0.886613667011261,0.9,0.6666666666666666,0.6151885986328125,0.3998525017499924,0.4037650376558304,0.174,0.5288888888888887,0.6825475907325744
classification_embedding,classical/classical.00039,0.7897718548774719,0.9303063154220581,1.0,1.0,0.5288609862327576,0.38820304214954376,0.3968301427364349,0.17799999999999994,0.5266666666666667,0.7284075784683227
classification_embedding,classical/classical.00034,0.7774645686149597,0.9358440041542053,0.5,0.8888888888888888,0.5961792469024658,0.4050509989261627,0.40580651819705965,0.19200000000000003,0.54,0.6519697284698487
classification_embedding,classical/classical.00062,0.8103270530700684,0.9391247630119324,1.0,1.0,0.5253429412841797,0.4100568383932114,0.4255613839626312,0.19,0.5422222222222222,0.6456472730636597
classification_embedding,classical/classical.00081,0.6759130954742432,0.8930533528327942,0.8,1.0,0.5289971828460693,0.39569348871707916,0.39960396707057955,0.19,0.54,0.6196589887142181
classification_embedding,classical/classical.00017,0.7665067911148071,0.9153897166252136,0.9,0.6666666666666666,0.596217155456543,0.4046252417564392,0.39926512002944947,0.20600000000000004,0.5666666666666668,0.7218239283561707
classification_embedding,classical/classical.00040,0.7858269810676575,0.9125852584838867,0.9,1.0,0.625796914100647,0.40589420676231386,0.40365752518177034,0.168,0.5711111111111111,0.6669864463806152
classification_embedding,classical/classical.00046,0.7878983616828918,0.9366125464439392,1.0,0.8888888888888888,0.6009633541107178,0.3938993465900421,0.4037113255262375,0.174,0.5755555555555556,0.68140700340271
classification_embedding,classical/classical.00054,0.7707017660140991,0.9169217348098755,1.0,1.0,0.5224623084068298,0.4151176857948303,0.4110794287919998,0.162,0.5511111111111111,0.6436235141754151
classification_embedding,classical/classical.00088,0.7756245732307434,0.918293833732605,1.0,0.8888888888888888,0.4720953106880188,0.4063572305440903,0.4258668202161789,0.174,0.5555555555555556,0.6167439472675323
classification_embedding,country/country.00066,0.8045608401298523,0.9385577440261841,1.0,1.0,0.4984476566314697,0.4119486993551254,0.4211404538154602,0.20199999999999999,0.56,0.5785095989704132
classification_embedding,country/country.00071,0.7914300560951233,0.9096892476081848,0.9,1.0,0.4767392873764038,0.42345007479190827,0.4249829065799713,0.20199999999999999,0.5599999999999999,0.5640272903442383
classification_embedding,country/country.00025,0.8605431318283081,0.9250062108039856,1.0,0.8888888888888888,0.33926743268966675,0.4323033499717712,0.42336821675300595,0.204,0.5622222222222222,0.544912576675415
classification_embedding,country/country.00044,0.8322948217391968,0.922692596912384,1.0,0.8888888888888888,0.41152888536453247,0.4099282467365265,0.40606353759765623,0.18599999999999997,0.5488888888888889,0.6035141980648041
classification_embedding,country/country.00034,0.8153125047683716,0.9342808127403259,0.5,0.8888888888888888,0.3381234407424927,0.4386334735155106,0.4260448670387268,0.184,0.5511111111111111,0.5024920320510864
classification_embedding,country/country.00015,0.8172417283058167,0.929635763168335,0.8,1.0,0.4642977714538574,0.4122209620475769,0.4046135264635086,0.18199999999999997,0.5666666666666668,0.5692935681343079
classification_embedding,country/country.00058,0.8207845687866211,0.9257210493087769,0.3,1.0,0.40540146827697754,0.4304107177257538,0.4147555637359619,0.18600000000000003,0.5711111111111112,0.5614836823940277
classification_embedding,country/country.00089,0.8393014073371887,0.9446226954460144,0.8,0.8888888888888888,0.4371863603591919,0.4284701031446457,0.40875161468982696,0.188,0.5488888888888889,0.5194234919548034
classification_embedding,country/country.00095,0.7833000421524048,0.9106280207633972,0.6,1.0,0.4124429225921631,0.43628119349479677,0.4314129048585892,0.184,0.5511111111111111,0.5387241113185882
classification_embedding,country/country.00006,0.7763291001319885,0.9165555238723755,0.7,1.0,0.44312942028045654,0.414914253950119,0.4111588317155838,0.19999999999999996,0.5511111111111111,0.5663426744937897
classification_embedding,disco/disco.00093,0.8334041833877563,0.939818263053894,1.0,1.0,0.41813719272613525,0.4218721753358841,0.42412525177001953,0.17599999999999993,0.5599999999999999,0.5467312228679657
classification_embedding,disco/disco.00040,0.7886310815811157,0.9058058857917786,0.6,1.0,0.3606112003326416,0.42204466462135315,0.3966261652112007,0.166,0.5311111111111111,0.47859437704086305
classification_embedding,disco/disco.00070,0.78246009349823,0.9142375588417053,0.8,1.0,0.41115790605545044,0.4250974375009537,0.43127569675445554,0.22800000000000004,0.5688888888888889,0.5360344409942627
classification_embedding,disco/disco.00032,0.8205090761184692,0.9198734760284424,1.0,0.8888888888888888,0.32191604375839233,0.43851263463497164,0.4385658425092697,0.192,0.5666666666666667,0.48616719484329224
classification_embedding,disco/disco.00063,0.873022735118866,0.9381849765777588,1.0,1.0,0.2829863429069519,0.42131678938865663,0.416675745844841,0.17799999999999996,0.5377777777777779,0.5174535286426544
classification_embedding,disco/disco.00068,0.8322527408599854,0.9318759441375732,0.7,1.0,0.3912680745124817,0.4342960685491562,0.43775947093963624,0.192,0.56,0.5684508728981018
classification_embedding,disco/disco.00035,0.8755795955657959,0.9718965888023376,0.2,1.0,0.3922174572944641,0.41431354701519013,0.40684264481067656,0.17399999999999996,0.54,0.5939228498935699
classification_embedding,disco/disco.00090,0.8391768336296082,0.934838593006134,0.9,1.0,0.4095759391784668,0.42812650978565214,0.41563475400209426,0.16799999999999998,0.5644444444444445,0.5591052901744843
classification_embedding,disco/disco.00014,0.8518122434616089,0.9357013702392578,1.0,1.0,0.38222765922546387,0.4186633449792862,0.42018742978572843,0.17999999999999997,0.5577777777777778,0.5399784648418426
classification_embedding,disco/disco.00086,0.8711804747581482,0.9377787709236145,1.0,1.0,0.37734949588775635,0.4235546261072159,0.4102114450931549,0.206,0.5777777777777778,0.5250368809700012
classification_embedding,hiphop/hiphop.00070,0.8622934222221375,0.96230149269104,0.4,1.0,0.3961779475212097,0.4056720685958862,0.41042258977890017,0.16599999999999998,0.5888888888888888,0.6350460314750671
classification_embedding,hiphop/hiphop.00081,0.8470338582992554,0.9612119197845459,0.7,1.0,0.43730485439300537,0.42892407774925234,0.4198991513252258,0.19400000000000003,0.5333333333333333,0.5226742208003998
classification_embedding,hiphop/hiphop.00020,0.8657007813453674,0.9468915462493896,1.0,1.0,0.33499497175216675,0.4280608397722244,0.4406678068637848,0.18799999999999997,0.5777777777777778,0.524238669872284
classification_embedding,hiphop/hiphop.00062,0.8735120296478271,0.9675500392913818,0.3,1.0,0.35763317346572876,0.41881205797195437,0.41614927649497985,0.182,0.5533333333333335,0.5743142950534821
classification_embedding,hiphop/hiphop.00089,0.8192126154899597,0.9370920658111572,0.9,0.8888888888888888,0.3526170253753662,0.41822363197803497,0.41209699243307113,0.20999999999999996,0.5888888888888889,0.5696987092494965
classification_embedding,hiphop/hiphop.00098,0.799846887588501,0.9394057393074036,0.6,0.7777777777777778,0.4347831606864929,0.40716895878314974,0.40635931611061094,0.168,0.5755555555555556,0.5864425277709961
classification_embedding,hiphop/hiphop.00041,0.8463780879974365,0.9520172476768494,0.5,0.8888888888888888,0.4355310797691345,0.42258586347103116,0.4218586069345474,0.18,0.5644444444444444,0.6152199804782867
classification_embedding,hiphop/hiphop.00015,0.8797633051872253,0.9553044438362122,1.0,0.8888888888888888,0.2900910973548889,0.4465971726179123,0.4460258996486664,0.17800000000000002,0.5622222222222222,0.5697855520248413
classification_embedding,hiphop/hiphop.00052,0.859632134437561,0.9634546637535095,0.4,1.0,0.3546040654182434,0.4049870127439499,0.42102542638778684,0.19199999999999995,0.54,0.5535043597221374
classification_embedding,hiphop/hiphop.00030,0.8425608277320862,0.9473961591720581,1.0,1.0,0.40705549716949463,0.4256641530990601,0.4327900052070618,0.21400000000000002,0.5688888888888889,0.5859133076667785
classification_embedding,jazz/jazz.00063,0.7900183796882629,0.9132626056671143,0.9,0.8888888888888888,0.4958378076553345,0.4043789219856262,0.4204023826122284,0.20199999999999996,0.528888888888889,0.7376598548889161
classification_embedding,jazz/jazz.00025,0.7921003699302673,0.9186229705810547,1.0,0.8888888888888888,0.5308458805084229,0.39767590403556824,0.4061884468793869,0.198,0.5444444444444445,0.6711297249794006
classification_embedding,jazz/jazz.00000,0.8324817419052124,0.9336117506027222,1.0,0.7777777777777778,0.43207377195358276,0.43243937730789184,0.4268570065498352,0.16399999999999998,0.5622222222222222,0.5673849141597748
classification_embedding,jazz/jazz.00019,0.7152084112167358,0.9110888242721558,0.6,1.0,0.5394941568374634,0.39565641403198243,0.3930784279108048,0.21000000000000008,0.56,0.6075128161907196
classification_embedding,jazz/jazz.00021,0.7593823075294495,0.8941722512245178,0.1,1.0,0.6043473482131958,0.40252566158771513,0.40050697028636933,0.17799999999999996,0.5533333333333333,0.6895201575756073
classification_embedding,jazz/jazz.00013,0.7879231572151184,0.9307798743247986,0.4,1.0,0.5094203948974609,0.40541712880134584,0.42056586742401125,0.20400000000000001,0.5622222222222222,0.6422328746318817
classification_embedding,jazz/jazz.00060,0.8270232081413269,0.9309635162353516,0.9,0.8888888888888888,0.4691005349159241,0.40995600998401643,0.41693452060222624,0.20400000000000001,0.5666666666666667,0.6224673843383789
classification_embedding,jazz/jazz.00080,0.7959273457527161,0.9171448945999146,0.9,1.0,0.5231074690818787,0.3986465471982956,0.4002860689163208,0.188,0.5622222222222222,0.6926470875740052
classification_embedding,jazz/jazz.00099,0.8218379616737366,0.9323696494102478,1.0,0.8888888888888888,0.5258008241653442,0.4029819130897522,0.3918528896570206,0.18599999999999997,0.5466666666666667,0.6222466206550599
classification_embedding,jazz/jazz.00079,0.830903947353363,0.9418389797210693,1.0,0.8888888888888888,0.43984586000442505,0.40326873898506166,0.4222297993302345,0.182,0.5533333333333333,0.6848288285732269
classification_embedding,metal/metal.00023,0.7655518651008606,0.9460311532020569,0.5,0.8888888888888888,0.46381229162216187,0.424958353638649,0.41795837730169294,0.204,0.5577777777777778,0.6084413421154022
classification_embedding,metal/metal.00065,0.7458139061927795,0.901286244392395,0.9,1.0,0.514633297920227,0.41889947950839995,0.39544776976108553,0.19399999999999998,0.54,0.6025612914562225
classification_embedding,metal/metal.00052,0.7474194765090942,0.9163644313812256,0.5,0.8888888888888888,0.5342859029769897,0.41669642806053164,0.41114782929420474,0.196,0.5711111111111111,0.6286276495456695
classification_embedding,metal/metal.00003,0.7422887086868286,0.9127317070960999,0.5,0.8888888888888888,0.5247522592544556,0.42291498005390166,0.4252371525764465,0.21200000000000002,0.5422222222222223,0.6136164212226868
classification_embedding,metal/metal.00042,0.810392439365387,0.9171828031539917,1.0,1.0,0.464733362197876,0.40775393187999726,0.39894128233194354,0.18799999999999997,0.5422222222222222,0.611860693693161
classification_embedding,metal/metal.00013,0.7038299441337585,0.8927903771400452,0.7,1.0,0.6049964427947998,0.4132159394025803,0.428822386264801,0.212,0.5444444444444446,0.5765400779247284
classification_embedding,metal/metal.00047,0.7454174757003784,0.9218776226043701,0.4,1.0,0.480121374130249,0.4139459323883057,0.4076746028661728,0.20800000000000002,0.5577777777777778,0.6263058340549469
classification_embedding,metal/metal.00046,0.7495396733283997,0.9181435108184814,0.4,1.0,0.5434018969535828,0.4198734134435654,0.42335828602313996,0.18599999999999997,0.5644444444444444,0.5568995320796967
classification_embedding,metal/metal.00010,0.7434983253479004,0.9017438888549805,0.5,1.0,0.6051157712936401,0.4098920351266861,0.41951692223548886,0.18599999999999997,0.5622222222222222,0.6721558487415313
classification_embedding,metal/metal.00064,0.7706102728843689,0.9228642582893372,0.3,1.0,0.5371835827827454,0.4099611449241638,0.4077145099639893,0.19400000000000003,0.5555555555555555,0.5645043337345124
classification_embedding,pop/pop.00033,0.8787012100219727,0.9503812789916992,0.9,0.7777777777777778,0.3775981664657593,0.4292881602048874,0.40981788814067843,0.17799999999999996,0.5577777777777778,0.5190348327159882
classification_embedding,pop/pop.00056,0.873505175113678,0.9681904911994934,1.0,1.0,0.38646090030670166,0.4176937299966812,0.4186942720413208,0.20800000000000005,0.548888888888889,0.557535309791565
classification_embedding,pop/pop.00028,0.8535622358322144,0.9638515114784241,0.8,1.0,0.3528217673301697,0.4329819232225418,0.44310416460037233,0.196,0.5755555555555555,0.48987072467803955
classification_embedding,pop/pop.00096,0.8723161220550537,0.9502950310707092,0.6,1.0,0.3404632806777954,0.42820009887218474,0.42903187453746794,0.17999999999999997,0.5511111111111111,0.5095368850231171
classification_embedding,pop/pop.00027,0.8590517640113831,0.9524577260017395,0.6,0.8888888888888888,0.3466755151748657,0.42773362338542936,0.4247480744123459,0.176,0.5288888888888889,0.5216411328315735
classification_embedding,pop/pop.00073,0.8662727475166321,0.9619967341423035,0.9,0.8888888888888888,0.32390618324279785,0.4338860732316971,0.4192939692735672,0.174,0.568888888888889,0.5213842725753784
classification_embedding,pop/pop.00050,0.8736297488212585,0.9620482921600342,0.7,1.0,0.3210638165473938,0.41311355054378507,0.3872476011514664,0.19399999999999998,0.5400000000000001,0.5621916949748993
classification_embedding,pop/pop.00042,0.8457886576652527,0.9479691386222839,0.9,0.8888888888888888,0.38058704137802124,0.43490061044692996,0.4269983035326004,0.20999999999999996,0.5644444444444444,0.5564374661445618
classification_embedding,pop/pop.00021,0.8461936712265015,0.9395222067832947,1.0,1.0,0.4285659193992615,0.41286532282829286,0.4154879766702652,0.20200000000000004,0.5711111111111111,0.5831230449676513
classification_embedding,pop/pop.00002,0.8726670145988464,0.9567895531654358,0.9,1.0,0.3675946593284607,0.4233165556192398,0.4219384920597076,0.222,0.5444444444444445,0.5517340064048767
classification_embedding,reggae/reggae.00076,0.8054227232933044,0.9317070841789246,1.0,0.8888888888888888,0.36977463960647583,0.42483178794384,0.4211416673660278,0.198,0.5355555555555556,0.4929690277576447
classification_embedding,reggae/reggae.00040,0.8745003342628479,0.9414931535720825,1.0,0.7777777777777778,0.16645103693008423,0.4258242017030716,0.40609987199306485,0.18999999999999997,0.5466666666666667,0.5464054858684539
classification_embedding,reggae/reggae.00066,0.8942216038703918,0.9507010579109192,1.0,0.6666666666666666,0.16452157497406006,0.4397358697652817,0.4226652228832245,0.17,0.5577777777777778,0.4690172517299652
classification_embedding,reggae/reggae.00048,0.817834198474884,0.930560827255249,1.0,1.0,0.3489871025085449,0.4176746499538422,0.4217423278093338,0.15999999999999998,0.5555555555555556,0.5834247171878815
classification_embedding,reggae/reggae.00083,0.8282774090766907,0.936201810836792,0.1,1.0,0.4908193349838257,0.41066062271595,0.4084209984540939,0.18600000000000003,0.54,0.6516372299194336
classification_embedding,reggae/reggae.00027,0.8405176997184753,0.9225531816482544,0.9,0.8888888888888888,0.3530765175819397,0.4254700648784637,0.42737489104270937,0.17200000000000004,0.5577777777777778,0.5086513924598693
classification_embedding,reggae/reggae.00053,0.783575177192688,0.9202732443809509,0.5,0.6666666666666666,0.3612534999847412,0.4231941467523575,0.42276095151901244,0.198,0.5622222222222223,0.5102490627765656
classification_embedding,reggae/reggae.00098,0.8433211445808411,0.9330617189407349,0.7,1.0,0.4145277142524719,0.4227954530715942,0.42968269884586335,0.18999999999999997,0.5622222222222222,0.6003206121921539
classification_embedding,reggae/reggae.00062,0.805877685546875,0.9204363226890564,0.7,0.8888888888888888,0.38849377632141113,0.42590893507003785,0.42898979753255845,0.184,0.54,0.52373495221138
classification_embedding,reggae/reggae.00011,0.8463048934936523,0.941727340221405,0.7,1.0,0.3663659691810608,0.42959374606609346,0.4363894176483154,0.198,0.548888888888889,0.605434308052063
classification_embedding,rock/rock.00015,0.8448227643966675,0.9369131922721863,0.1,0.8888888888888888,0.32730698585510254,0.4404603749513626,0.4285676419734955,0.182,0.5688888888888889,0.44394699335098264
classification_embedding,rock/rock.00088,0.8263505697250366,0.9005404710769653,1.0,0.7777777777777778,0.41845160722732544,0.4280780929327011,0.4271571832895279,0.19200000000000003,0.5577777777777778,0.5177323341369628
classification_embedding,rock/rock.00049,0.798608660697937,0.9286991953849792,0.1,1.0,0.46904444694519043,0.4108836859464645,0.40449896931648255,0.192,0.5266666666666666,0.6306535232067109
classification_embedding,rock/rock.00093,0.8469520807266235,0.9611219763755798,0.3,1.0,0.4311363101005554,0.4154296255111694,0.42572846084833144,0.2,0.5511111111111111,0.5656528091430664
classification_embedding,rock/rock.00008,0.750887393951416,0.9105611443519592,0.8,1.0,0.5112975835800171,0.41748474597930907,0.42264538288116454,0.18799999999999997,0.5711111111111111,0.6717616546154023
classification_embedding,rock/rock.00067,0.7879874110221863,0.8644126057624817,0.8,0.8888888888888888,0.3991122841835022,0.4342078304290771,0.4334914708137512,0.20200000000000004,0.54,0.4773163139820099
classification_embedding,rock/rock.00065,0.8111432194709778,0.9329098463058472,0.9,1.0,0.3778172731399536,0.42868152022361755,0.43326206982135773,0.18599999999999997,0.54,0.5591183817386627
classification_embedding,rock/rock.00068,0.846457839012146,0.9266395568847656,1.0,1.0,0.32458817958831787,0.43366339027881623,0.43249100595712664,0.18200000000000002,0.5377777777777779,0.4998493206501007
classification_embedding,rock/rock.00043,0.8243305683135986,0.920551598072052,0.3,0.8888888888888888,0.3908730149269104,0.4271067923307419,0.42552940130233763,0.2,0.5577777777777778,0.5321723842620849
classification_embedding,rock/rock.00070,0.8548189997673035,0.9160583019256592,0.1,1.0,0.38184690475463867,0.42914354383945463,0.4215333414077759,0.182,0.5866666666666667,0.5089706575870514
triplet_embedding,blues/blues.00096,0.9195992946624756,0.9715319871902466,0.7,1.0,0.13157063722610474,0.7075363981723786,0.6979679584503173,0.17599999999999993,0.5666666666666667,0.19255284190177918
triplet_embedding,blues/blues.00071,0.9460810422897339,0.9850136637687683,0.3,1.0,0.15450561046600342,0.6994581472873688,0.692198520898819,0.184,0.5622222222222223,0.28120788097381594
triplet_embedding,blues/blues.00008,0.9557465314865112,0.9896395802497864,0.2,1.0,0.14017504453659058,0.705341911315918,0.7043525910377503,0.18999999999999997,0.5755555555555556,0.3098690271377563
triplet_embedding,blues/blues.00060,0.9384219646453857,0.9852259755134583,0.5,1.0,0.13230329751968384,0.7001099872589112,0.6845270866155624,0.19,0.5422222222222223,0.22424074053764342
triplet_embedding,blues/blues.00041,0.9358285665512085,0.9824327826499939,0.6,0.8888888888888888,0.15058845281600952,0.7026861882209778,0.6976928162574768,0.198,0.5466666666666666,0.2940198624134064
triplet_embedding,blues/blues.00094,0.9507155418395996,0.9857361912727356,0.5,0.8888888888888888,0.1490047574043274,0.6960388386249542,0.6949714732170105,0.18400000000000005,0.5622222222222222,0.22724944710731507
triplet_embedding,blues/blues.00068,0.9335681200027466,0.976634681224823,0.7,1.0,0.14977318048477173,0.6824614107608795,0.6794122183322906,0.16999999999999996,0.5555555555555556,0.2793067061901093
triplet_embedding,blues/blues.00009,0.936768651008606,0.9837830662727356,1.0,0.8888888888888888,0.15028858184814453,0.7192338240146637,0.718315898180008,0.18799999999999997,0.54,0.20900825619697572
triplet_embedding,blues/blues.00019,0.9515625834465027,0.984343945980072,0.6,1.0,0.13483834266662598,0.7220633542537689,0.7133489555120468,0.19199999999999995,0.5533333333333332,0.2315240728855133
triplet_embedding,blues/blues.00082,0.9651130437850952,0.990056574344635,0.2,0.8888888888888888,0.0916433334350586,0.714345703125,0.7174995100498199,0.17799999999999996,0.5511111111111111,0.26738072276115415
triplet_embedding,classical/classical.00075,0.8281996846199036,0.9692298173904419,0.4,1.0,0.5054683089256287,0.6480792689323426,0.6627078872919082,0.198,0.5577777777777777,0.5031574583053589
triplet_embedding,classical/classical.00039,0.8336051106452942,0.9686310291290283,0.4,1.0,0.5730656385421753,0.6362400114536285,0.6604071736335755,0.19399999999999998,0.54,0.5418515717983245
triplet_embedding,classical/classical.00034,0.8732531070709229,0.9790680408477783,0.4,1.0,0.4692707657814026,0.6441144919395447,0.6651887714862823,0.19400000000000003,0.5488888888888889,0.5346969258785248
triplet_embedding,classical/classical.00062,0.9355607032775879,0.9881420135498047,1.0,0.6666666666666666,0.15721964836120605,0.6646113657951355,0.6684789073467254,0.17800000000000002,0.5533333333333332,0.43190494656562806
triplet_embedding,classical/classical.00081,0.9535894393920898,0.9852136969566345,1.0,0.4444444444444444,0.07823306322097778,0.6544335865974427,0.6594032883644104,0.196,0.5711111111111111,0.5066690504550934
triplet_embedding,classical/classical.00017,0.8902274370193481,0.9811677932739258,0.3,0.8888888888888888,0.37233972549438477,0.6576657664775848,0.6690427434444427,0.19599999999999998,0.5755555555555555,0.47330581545829775
triplet_embedding,classical/classical.00040,0.8186913132667542,0.9698684215545654,0.4,1.0,0.5549013614654541,0.6356279718875885,0.6474480998516082,0.18599999999999994,0.56,0.5447573101520539
triplet_embedding,classical/classical.00046,0.9493034482002258,0.9844636917114258,1.0,0.5555555555555556,0.11615133285522461,0.675035799741745,0.6882506692409516,0.18799999999999997,0.5622222222222222,0.4193982994556427
triplet_embedding,classical/classical.00054,0.9199894666671753,0.9719070792198181,0.3,1.0,0.1811491847038269,0.6797383809089661,0.6784490346908569,0.222,0.5533333333333332,0.26153400778770447
triplet_embedding,classical/classical.00088,0.9664266109466553,0.9889308214187622,1.0,0.6666666666666666,0.07751023769378662,0.6878917670249939,0.6981811451911927,0.192,0.5555555555555555,0.33696280598640443
triplet_embedding,country/country.00066,0.9420934915542603,0.9815135598182678,0.6,1.0,0.16041046380996704,0.7078244638442993,0.6978703320026398,0.2,0.56,0.2697865343093872
triplet_embedding,country/country.00071,0.9148079752922058,0.9766396284103394,0.1,1.0,0.1979115605354309,0.6926691782474518,0.6921138536930084,0.196,0.54,0.269831383228302
triplet_embedding,country/country.00025,0.9476159811019897,0.9855616092681885,1.0,1.0,0.15274685621261597,0.6932616233825684,0.6845088589191437,0.172,0.5688888888888889,0.24152609467506408
triplet_embedding,country/country.00044,0.9509337544441223,0.9871125817298889,0.5,1.0,0.164040207862854,0.6879924368858338,0.6919165015220642,0.174,0.5844444444444444,0.3038526964187622
triplet_embedding,country/country.00034,0.9594175815582275,0.9872720241546631,0.1,0.7777777777777778,0.08014035224914551,0.704223417043686,0.7032877945899964,0.19399999999999998,0.5644444444444445,0.2640175879001617
triplet_embedding,country/country.00015,0.9371494054794312,0.9828670024871826,0.5,1.0,0.11951696872711182,0.7195739209651947,0.7178661108016968,0.198,0.5466666666666666,0.2049867808818817
triplet_embedding,country/country.00058,0.9538266658782959,0.9832481741905212,0.8,0.8888888888888888,0.10605257749557495,0.7108560919761657,0.7014881694316863,0.176,0.5444444444444444,0.2229463756084442
triplet_embedding,country/country.00089,0.9520260095596313,0.9838069081306458,0.7,0.8888888888888888,0.12850016355514526,0.707027440071106,0.7071581327915192,0.20000000000000004,0.5644444444444445,0.23388270854949952
triplet_embedding,country/country.00095,0.946307361125946,0.9833155870437622,0.5,0.8888888888888888,0.11302423477172852,0.7041384661197663,0.7008813804388047,0.18,0.5755555555555556,0.2503455090522766
triplet_embedding,country/country.00006,0.9442892074584961,0.9804766774177551,0.7,1.0,0.1402943730354309,0.6986327481269836,0.7046202194690704,0.196,0.5555555555555555,0.25504111051559447
triplet_embedding,disco/disco.00093,0.9507227540016174,0.9850884675979614,0.2,1.0,0.13605082035064697,0.7076057720184327,0.7108561772108078,0.18600000000000003,0.5688888888888889,0.24566214203834533
triplet_embedding,disco/disco.00040,0.9678242802619934,0.992504358291626,0.2,1.0,0.10240775346755981,0.7012925779819489,0.6891628849506378,0.20600000000000002,0.5555555555555556,0.27681818723678586
triplet_embedding,disco/disco.00070,0.950900673866272,0.9844458103179932,0.7,1.0,0.10872161388397217,0.711038863658905,0.7014313054084778,0.172,0.5444444444444444,0.24250723004341126
triplet_embedding,disco/disco.00032,0.9571807980537415,0.9892749786376953,0.3,1.0,0.13536614179611206,0.706119544506073,0.6963738763332367,0.162,0.5333333333333333,0.25720541954040527
triplet_embedding,disco/disco.00063,0.9472176432609558,0.9864079356193542,0.2,1.0,0.17424046993255615,0.681903544664383,0.6905077183246613,0.21199999999999997,0.577777777777778,0.346739239692688
triplet_embedding,disco/disco.00068,0.9494291543960571,0.983616292476654,0.7,1.0,0.11375278234481812,0.6966887259483338,0.68306960105896,0.20400000000000007,0.5533333333333332,0.22694359421730043
triplet_embedding,disco/disco.00035,0.9528135657310486,0.9892570972442627,0.4,1.0,0.15002483129501343,0.6977766275405883,0.6875742554664612,0.192,0.5444444444444445,0.2699400079250336
triplet_embedding,disco/disco.00090,0.9451360702514648,0.9832996726036072,0.7,0.8888888888888888,0.09068727493286133,0.7071740102767944,0.7080874788761139,0.184,0.5644444444444444,0.2613058996200561
triplet_embedding,disco/disco.00014,0.9606112837791443,0.9860026240348816,0.2,0.8888888888888888,0.09716969728469849,0.7189048910140992,0.7115951466560364,0.20199999999999999,0.5933333333333334,0.2109449303150177
triplet_embedding,disco/disco.00086,0.9602267742156982,0.9854617714881897,0.1,0.8888888888888888,0.09803569316864014,0.7041070759296417,0.6915345025062561,0.204,0.5511111111111111,0.25574549555778503
triplet_embedding,hiphop/hiphop.00070,0.9421730637550354,0.9837930202484131,1.0,1.0,0.13129818439483643,0.703523930311203,0.7051180005073547,0.182,0.56,0.2866601097583771
triplet_embedding,hiphop/hiphop.00081,0.9366531372070312,0.9829885959625244,0.6,1.0,0.23344635963439941,0.686192055940628,0.6927086508274078,0.20199999999999999,0.52,0.3477016031742096
triplet_embedding,hiphop/hiphop.00020,0.9567969441413879,0.9893711805343628,0.3,1.0,0.12377053499221802,0.712087618112564,0.7167238593101501,0.19599999999999998,0.6111111111111112,0.33197583436965944
triplet_embedding,hiphop/hiphop.00062,0.9651934504508972,0.9911706447601318,0.2,1.0,0.12822329998016357,0.6894630467891694,0.6904413080215455,0.18,0.5622222222222222,0.30585595965385437
triplet_embedding,hiphop/hiphop.00089,0.9366499781608582,0.9835643768310547,0.5,1.0,0.19525402784347534,0.7046285951137543,0.7185553109645844,0.198,0.5733333333333334,0.3725766158103943
triplet_embedding,hiphop/hiphop.00098,0.9017845988273621,0.9774250388145447,0.6,1.0,0.22501611709594727,0.6830655980110169,0.6789412498474121,0.18600000000000003,0.56,0.4027271592617035
triplet_embedding,hiphop/hiphop.00041,0.9045736789703369,0.9742035269737244,0.6,1.0,0.3190058469772339,0.6633980393409729,0.6638495719432831,0.18,0.5444444444444444,0.46259934663772584
triplet_embedding,hiphop/hiphop.00015,0.9128060936927795,0.9840885996818542,0.6,1.0,0.2629873752593994,0.6680011355876923,0.6765827876329422,0.19999999999999996,0.5444444444444445,0.40142000317573545
triplet_embedding,hiphop/hiphop.00052,0.9436609745025635,0.9883612394332886,0.1,1.0,0.1782083511352539,0.6895847260951996,0.6756575548648834,0.19599999999999998,0.5755555555555556,0.3394000959396362
triplet_embedding,hiphop/hiphop.00030,0.9099395871162415,0.983220636844635,0.9,1.0,0.26212531328201294,0.6736798655986785,0.6714571219682693,0.20199999999999999,0.5444444444444445,0.3626724851131439
triplet_embedding,jazz/jazz.00063,0.930277943611145,0.9848344326019287,0.3,1.0,0.19861942529678345,0.6927576386928558,0.6950245893001556,0.18599999999999994,0.5511111111111111,0.3285329794883728
triplet_embedding,jazz/jazz.00025,0.9145562052726746,0.978989839553833,0.8,1.0,0.2380300760269165,0.6855831289291382,0.6896958351135254,0.168,0.548888888888889,0.3808437252044678
triplet_embedding,jazz/jazz.00000,0.9342917799949646,0.982045590877533,0.1,1.0,0.17141932249069214,0.7014701116085053,0.7056520128250122,0.19,0.5488888888888889,0.2566234815120697
triplet_embedding,jazz/jazz.00019,0.9143780469894409,0.9866597652435303,0.4,1.0,0.21922481060028076,0.6819574964046479,0.6958387935161591,0.21199999999999997,0.5577777777777777,0.37969721674919127
triplet_embedding,jazz/jazz.00021,0.9217563271522522,0.9817765355110168,0.5,1.0,0.2499234676361084,0.6836894989013672,0.6950411665439605,0.20400000000000001,0.5733333333333334,0.42993165135383604
triplet_embedding,jazz/jazz.00013,0.9300314784049988,0.9832706451416016,0.5,1.0,0.22620779275894165,0.6837061572074891,0.6954528069496155,0.16599999999999998,0.56,0.3769504547119141
triplet_embedding,jazz/jazz.00060,0.9467928409576416,0.9877417683601379,0.3,1.0,0.16987168788909912,0.6940161442756653,0.6987860870361328,0.19799999999999998,0.5644444444444444,0.31879246830940244
triplet_embedding,jazz/jazz.00080,0.9168275594711304,0.9774429798126221,0.8,1.0,0.18627893924713135,0.7001424980163574,0.7060516798496246,0.172,0.5444444444444445,0.39026642084121704
triplet_embedding,jazz/jazz.00099,0.9374723434448242,0.9807961583137512,0.1,0.8888888888888888,0.18881064653396606,0.6988143754005433,0.6964280271530151,0.18999999999999997,0.5599999999999999,0.2991101908683777
triplet_embedding,jazz/jazz.00079,0.9375073909759521,0.9855730533599854,0.1,1.0,0.17821383476257324,0.6924872934818268,0.7038396906852722,0.19,0.591111111111111,0.37117213249206543
triplet_embedding,metal/metal.00023,0.8960382342338562,0.981067955493927,0.6,1.0,0.32180339097976685,0.6711103773117065,0.6838488912582398,0.22,0.5622222222222222,0.3970319044589996
triplet_embedding,metal/metal.00065,0.9219338893890381,0.9813446402549744,0.3,1.0,0.24020004272460938,0.6747295248508454,0.6767205572128296,0.212,0.5666666666666665,0.2793402028083801
triplet_embedding,metal/metal.00052,0.9016484618186951,0.9754034876823425,0.4,1.0,0.32528793811798096,0.6786042404174805,0.6781019920110702,0.174,0.5466666666666666,0.4096275842189789
triplet_embedding,metal/metal.00003,0.9639067649841309,0.9833276271820068,1.0,0.5555555555555556,0.05432003736495972,0.6741542804241181,0.6773700559139252,0.15799999999999997,0.56,0.37763824820518493
triplet_embedding,metal/metal.00042,0.943543016910553,0.9875882267951965,1.0,0.7777777777777778,0.1515856385231018,0.698160560131073,0.6988793051242829,0.18799999999999997,0.5577777777777778,0.30957916855812073
triplet_embedding,metal/metal.00013,0.8819565773010254,0.9755065441131592,0.4,1.0,0.3878328800201416,0.6649548184871673,0.6734102177619934,0.18600000000000003,0.5577777777777777,0.4862344551086426
triplet_embedding,metal/metal.00047,0.8830327391624451,0.9736649990081787,0.5,0.8888888888888888,0.3186649680137634,0.6787301659584045,0.6794794535636902,0.222,0.5533333333333332,0.3496131992340088
triplet_embedding,metal/metal.00046,0.8855372667312622,0.9716217517852783,0.5,1.0,0.3412221074104309,0.6622035038471222,0.6645953452587128,0.214,0.5688888888888889,0.447810435295105
triplet_embedding,metal/metal.00010,0.8828697800636292,0.9751107096672058,0.6,1.0,0.432378888130188,0.6414880937337876,0.653144564628601,0.172,0.5666666666666668,0.5300620877742768
triplet_embedding,metal/metal.00064,0.95298832654953,0.9885990619659424,0.9,0.8888888888888888,0.1603880524635315,0.6954587125778198,0.6818051582574844,0.188,0.5422222222222222,0.2807915532588959
triplet_embedding,pop/pop.00033,0.9536603093147278,0.9854407906532288,0.3,1.0,0.09410548210144043,0.7125440323352814,0.7141591036319732,0.16599999999999998,0.56,0.23476967215538025
triplet_embedding,pop/pop.00056,0.9533858299255371,0.9875233173370361,0.1,1.0,0.12461495399475098,0.690595725774765,0.6798192310333252,0.19799999999999998,0.5555555555555557,0.3382295787334442
triplet_embedding,pop/pop.00028,0.9420138597488403,0.9842334389686584,0.5,0.8888888888888888,0.1475740671157837,0.7114810967445373,0.7077816534042358,0.2,0.548888888888889,0.22225074768066405
triplet_embedding,pop/pop.00096,0.9362657070159912,0.9817982912063599,0.3,0.8888888888888888,0.13128626346588135,0.6935052990913391,0.6948273622989655,0.18,0.5755555555555556,0.3255402684211731
triplet_embedding,pop/pop.00027,0.9511978030204773,0.9851313829421997,0.4,1.0,0.13572388887405396,0.6941664862632752,0.6889832580089569,0.174,0.5422222222222223,0.29231744647026064
triplet_embedding,pop/pop.00073,0.9449310898780823,0.9876699447631836,1.0,1.0,0.1401665210723877,0.699710419178009,0.7065455532073974,0.212,0.5711111111111111,0.26057509660720823
triplet_embedding,pop/pop.00050,0.9438050389289856,0.9853865504264832,0.7,1.0,0.10559707880020142,0.6951730453968048,0.6898740398883819,0.2,0.548888888888889,0.28717673182487485
triplet_embedding,pop/pop.00042,0.9500668048858643,0.9841169714927673,0.2,1.0,0.13095581531524658,0.6947957396507263,0.7077608144283295,0.21,0.5466666666666665,0.23926119565963744
triplet_embedding,pop/pop.00021,0.9470700621604919,0.9856729507446289,1.0,0.7777777777777778,0.1233169436454773,0.6942108273506165,0.7001883804798126,0.17199999999999996,0.5733333333333334,0.31968979597091673
triplet_embedding,pop/pop.00002,0.9543404579162598,0.9874820709228516,0.8,1.0,0.12613022327423096,0.7077134346961975,0.7037193405628205,0.19399999999999998,0.5666666666666667,0.28406830549240114
triplet_embedding,reggae/reggae.00076,0.9682719111442566,0.9922850131988525,1.0,1.0,0.09772324562072754,0.7117416179180145,0.703300747871399,0.182,0.5733333333333334,0.22202089071273803
triplet_embedding,reggae/reggae.00040,0.9650117754936218,0.9914348125457764,0.9,1.0,0.10995036363601685,0.7232119047641754,0.7231102871894837,0.20800000000000002,0.5577777777777777,0.19490529894828795
triplet_embedding,reggae/reggae.00066,0.9625840783119202,0.9888803958892822,0.2,1.0,0.11577033996582031,0.7152335751056671,0.7069743740558624,0.18599999999999997,0.5755555555555556,0.24091077327728272
triplet_embedding,reggae/reggae.00048,0.9392868876457214,0.9817980527877808,0.4,1.0,0.10611283779144287,0.7025655221939087,0.6997633218765259,0.19,0.5444444444444444,0.2256506073474884
triplet_embedding,reggae/reggae.00083,0.9529266953468323,0.9762423634529114,0.4,0.7777777777777778,0.12476986646652222,0.7143243074417114,0.7050759327411652,0.19199999999999995,0.54,0.20236608028411865
triplet_embedding,reggae/reggae.00027,0.9572689533233643,0.9884054660797119,0.9,1.0,0.10015499591827393,0.7006705665588379,0.7039050829410552,0.17799999999999996,0.5577777777777778,0.2959869408607483
triplet_embedding,reggae/reggae.00053,0.9474658370018005,0.9893977642059326,0.4,1.0,0.1508386731147766,0.7045028042793274,0.6990857708454132,0.17199999999999996,0.5622222222222222,0.261579065322876
triplet_embedding,reggae/reggae.00098,0.9592922925949097,0.9869752526283264,0.1,0.8888888888888888,0.10310244560241699,0.7128570091724395,0.7062224280834198,0.19399999999999998,0.5511111111111111,0.23441198706626892
triplet_embedding,reggae/reggae.00062,0.96357262134552,0.9910023212432861,0.4,1.0,0.11888676881790161,0.6891936755180359,0.687284860610962,0.174,0.5333333333333333,0.25725522041320803
triplet_embedding,reggae/reggae.00011,0.9507823586463928,0.9853672385215759,0.4,1.0,0.10981011390686035,0.702888377904892,0.6960396599769593,0.19,0.5266666666666666,0.20951398730278015
triplet_embedding,rock/rock.00015,0.9684963822364807,0.990245521068573,0.1,1.0,0.09648299217224121,0.7050064766407013,0.6927571868896485,0.20199999999999999,0.5577777777777778,0.23375169754028322
triplet_embedding,rock/rock.00088,0.9581829309463501,0.9856459498405457,0.1,0.8888888888888888,0.11026287078857422,0.7123476016521454,0.703406753540039,0.176,0.5466666666666667,0.2204079246520996
triplet_embedding,rock/rock.00049,0.93644779920578,0.979903519153595,0.2,1.0,0.2093414068222046,0.707959554195404,0.7114979374408722,0.19999999999999996,0.5622222222222222,0.29194924235343933
triplet_embedding,rock/rock.00093,0.921052873134613,0.9767674207687378,0.5,1.0,0.19108855724334717,0.6970930361747741,0.6935864150524139,0.19199999999999995,0.5311111111111111,0.2892446541786194
triplet_embedding,rock/rock.00008,0.9305174946784973,0.9816948771476746,0.7,1.0,0.2444961667060852,0.6926551270484924,0.6843592655658722,0.17799999999999996,0.5377777777777777,0.2993997633457184
triplet_embedding,rock/rock.00067,0.9511110186576843,0.9760043621063232,0.3,1.0,0.12458842992782593,0.7111165010929108,0.704157041311264,0.18799999999999997,0.5377777777777778,0.20507341027259826
triplet_embedding,rock/rock.00065,0.9587376117706299,0.9869805574417114,0.4,1.0,0.11377894878387451,0.6854039967060089,0.6688445985317231,0.18599999999999997,0.5244444444444444,0.2477552092075348
triplet_embedding,rock/rock.00068,0.9472670555114746,0.9863162636756897,0.5,0.8888888888888888,0.09359955787658691,0.7211226201057435,0.7165399074554444,0.2,0.5422222222222222,0.19567501902580262
triplet_embedding,rock/rock.00043,0.9597629308700562,0.987542450428009,0.1,1.0,0.0898052453994751,0.7096051347255706,0.6981593024730682,0.192,0.5311111111111111,0.21863992333412172
triplet_embedding,rock/rock.00070,0.9495334029197693,0.9838360548019409,0.1,1.0,0.10841315984725952,0.709476797580719,0.6974846339225769,0.184,0.5555555555555556,0.2473871898651123
