track_id,label,label_index,x,y
blues/blues.00000,blues,0,3.6786191,11.14992
blues/blues.00001,blues,0,4.465286,11.611177
blues/blues.00002,blues,0,3.9362276,10.694167
blues/blues.00003,blues,0,4.638912,11.545363
blues/blues.00004,blues,0,3.7421606,11.167147
blues/blues.00005,blues,0,5.6649647,11.658769
blues/blues.00006,blues,0,5.927071,11.630914
blues/blues.00007,blues,0,5.6585107,11.799522
blues/blues.00008,blues,0,4.1312933,10.796059
blues/blues.00009,blues,0,5.982597,11.571718
blues/blues.00010,blues,0,5.9230595,11.564213
blues/blues.00011,blues,0,4.8767223,11.567125
blues/blues.00012,blues,0,6.254194,11.601159
blues/blues.00013,blues,0,6.772615,11.562873
blues/blues.00014,blues,0,6.5518627,11.646889
blues/blues.00015,blues,0,6.545924,11.527279
blues/blues.00016,blues,0,6.605804,11.54266
blues/blues.00017,blues,0,6.490674,11.5970955
blues/blues.00018,blues,0,6.7686305,11.578771
blues/blues.00019,blues,0,6.486316,11.5959835
blues/blues.00020,blues,0,6.436025,11.532929
blues/blues.00021,blues,0,6.6257777,11.613899
blues/blues.00022,blues,0,6.6658607,11.4876585
blues/blues.00023,blues,0,6.668003,11.525731
blues/blues.00024,blues,0,6.685944,11.572491
blues/blues.00025,blues,0,6.7111382,11.543449
blues/blues.00026,blues,0,6.7541695,11.603869
blues/blues.00027,blues,0,6.6398783,11.453921
blues/blues.00028,blues,0,6.6995096,11.565218
blues/blues.00029,blues,0,6.09362,12.220302
blues/blues.00030,blues,0,6.024254,12.266061
blues/blues.00031,blues,0,6.0799794,12.281554
blues/blues.00032,blues,0,6.099005,12.242188
blues/blues.00033,blues,0,6.038128,12.258611
blues/blues.00034,blues,0,6.0971236,12.26608
blues/blues.00035,blues,0,5.977841,12.215115
blues/blues.00036,blues,0,6.1553063,12.205518
blues/blues.00037,blues,0,6.5747247,11.66272
blues/blues.00038,blues,0,6.0392914,12.264452
blues/blues.00039,blues,0,6.1106,12.135632
blues/blues.00040,blues,0,4.9714265,10.273492
blues/blues.00041,blues,0,3.958863,10.585007
blues/blues.00042,blues,0,5.0761795,10.4092045
blues/blues.00043,blues,0,3.9785912,10.534119
blues/blues.00044,blues,0,4.861975,10.461178
blues/blues.00045,blues,0,4.8862376,10.477096
blues/blues.00046,blues,0,4.809518,11.049847
blues/blues.00047,blues,0,4.8794074,10.693751
blues/blues.00048,blues,0,4.0434585,10.589327
blues/blues.00049,blues,0,4.772931,11.257725
blues/blues.00050,blues,0,4.0877357,10.741999
blues/blues.00051,blues,0,4.4810104,10.189424
blues/blues.00052,blues,0,4.620143,11.443329
blues/blues.00053,blues,0,4.3703046,10.432187
blues/blues.00054,blues,0,4.239799,10.540452
blues/blues.00055,blues,0,4.1694465,10.676289
blues/blues.00056,blues,0,4.6968994,11.296144
blues/blues.00057,blues,0,4.101701,10.74225
blues/blues.00058,blues,0,4.443022,10.768198
blues/blues.00059,blues,0,4.6669517,10.355041
blues/blues.00060,blues,0,4.410941,10.421137
blues/blues.00061,blues,0,4.8048296,9.992325
blues/blues.00062,blues,0,5.0472746,10.128906
blues/blues.00063,blues,0,5.00238,10.123937
blues/blues.00064,blues,0,4.637531,9.859819
blues/blues.00065,blues,0,4.92173,10.071084
blues/blues.00066,blues,0,5.0073223,10.137861
blues/blues.00067,blues,0,4.9001307,10.064608
blues/blues.00068,blues,0,4.7298865,9.873742
blues/blues.00069,blues,0,4.936429,10.07408
blues/blues.00070,blues,0,5.023036,10.1399145
blues/blues.00071,blues,0,4.6921935,9.874239
blues/blues.00072,blues,0,0.95946944,6.0602293
blues/blues.00073,blues,0,4.669811,9.92618
blues/blues.00074,blues,0,5.022606,10.124039
blues/blues.00075,blues,0,4.1108975,10.02961
blues/blues.00076,blues,0,4.7167325,9.914923
blues/blues.00077,blues,0,4.3735867,9.818967
blues/blues.00078,blues,0,4.4516435,9.801039
blues/blues.00079,blues,0,4.608901,9.793079
blues/blues.00080,blues,0,4.6156225,9.82646
blues/blues.00081,blues,0,4.643773,9.823707
blues/blues.00082,blues,0,4.4906883,9.774863
blues/blues.00083,blues,0,4.558393,9.823401
blues/blues.00084,blues,0,4.352018,9.837352
blues/blues.00085,blues,0,6.634303,11.5944395
blues/blues.00086,blues,0,4.7215066,11.52408
blues/blues.00087,blues,0,4.5282307,11.34041
blues/blues.00088,blues,0,4.7903767,11.673433
blues/blues.00089,blues,0,6.1444554,12.095099
blues/blues.00090,blues,0,4.6752934,11.386816
blues/blues.00091,blues,0,4.615018,11.530755
blues/blues.00092,blues,0,6.1516056,11.821046
blues/blues.00093,blues,0,6.090668,12.084892
blues/blues.00094,blues,0,6.636537,11.654602
blues/blues.00095,blues,0,4.5944686,11.396347
blues/blues.00096,blues,0,5.9602184,12.137491
blues/blues.00097,blues,0,4.4887505,11.306401
blues/blues.00098,blues,0,4.352807,9.872376
blues/blues.00099,blues,0,3.9459598,10.632365
classical/classical.00000,classical,1,12.161983,2.65809
classical/classical.00001,classical,1,12.417516,2.6700363
classical/classical.00002,classical,1,12.111725,2.6605406
classical/classical.00003,classical,1,12.440122,2.8237293
classical/classical.00004,classical,1,12.394385,2.9093995
classical/classical.00005,classical,1,12.633005,2.7245374
classical/classical.00006,classical,1,12.4287195,2.0350564
classical/classical.00007,classical,1,12.961685,2.4755764
classical/classical.00008,classical,1,13.059354,2.4256558
classical/classical.00009,classical,1,12.369434,2.1937199
classical/classical.00010,classical,1,13.088853,2.3943143
classical/classical.00011,classical,1,13.042099,1.7700654
classical/classical.00012,classical,1,12.5482435,2.583878
classical/classical.00013,classical,1,13.1044,2.4261556
classical/classical.00014,classical,1,12.895242,2.5160995
classical/classical.00015,classical,1,13.121676,2.2329247
classical/classical.00016,classical,1,13.137176,1.8853799
classical/classical.00017,classical,1,12.527667,2.7489877
classical/classical.00018,classical,1,13.434098,2.1668837
classical/classical.00019,classical,1,13.196157,1.9142331
classical/classical.00020,classical,1,13.023256,2.4148836
classical/classical.00021,classical,1,13.253461,2.3602235
classical/classical.00022,classical,1,12.589825,2.636754
classical/classical.00023,classical,1,12.937679,1.7164816
classical/classical.00024,classical,1,12.755094,2.460657
classical/classical.00025,classical,1,12.818217,2.279971
classical/classical.00026,classical,1,12.694623,2.5904758
classical/classical.00027,classical,1,12.408672,2.1334875
classical/classical.00028,classical,1,12.992736,2.4260626
classical/classical.00029,classical,1,13.187919,1.9417127
classical/classical.00030,classical,1,13.522393,2.238936
classical/classical.00031,classical,1,13.750026,2.4781005
classical/classical.00032,classical,1,13.040824,1.7635108
classical/classical.00033,classical,1,13.6326275,2.0412612
classical/classical.00034,classical,1,12.820683,2.5578039
classical/classical.00035,classical,1,13.755762,2.4751036
classical/classical.00036,classical,1,13.743792,2.1546767
classical/classical.00037,classical,1,13.451433,2.4549403
classical/classical.00038,classical,1,13.079196,1.8159903
classical/classical.00039,classical,1,13.828623,2.2226057
classical/classical.00040,classical,1,13.188294,1.8551666
classical/classical.00041,classical,1,13.36881,2.0537891
classical/classical.00042,classical,1,12.11694,2.593705
classical/classical.00043,classical,1,12.138415,2.6136966
classical/classical.00044,classical,1,12.309341,2.773942
classical/classical.00045,classical,1,12.1235285,2.707599
classical/classical.00046,classical,1,12.410703,2.160806
classical/classical.00047,classical,1,12.290116,2.2416348
classical/classical.00048,classical,1,12.074148,2.4706151
classical/classical.00049,classical,1,12.226649,2.3751397
classical/classical.00050,classical,1,12.989806,1.740162
classical/classical.00051,classical,1,12.971124,1.6800543
classical/classical.00052,classical,1,12.171741,2.6993551
classical/classical.00053,classical,1,12.045689,2.3949356
classical/classical.00054,classical,1,12.933775,1.703125
classical/classical.00055,classical,1,13.525386,2.0503206
classical/classical.00056,classical,1,12.271799,2.0828848
classical/classical.00057,classical,1,13.237829,2.4859262
classical/classical.00058,classical,1,12.284068,2.525113
classical/classical.00059,classical,1,12.160938,2.818528
classical/classical.00060,classical,1,12.202609,2.7469907
classical/classical.00061,classical,1,12.497026,2.88435
classical/classical.00062,classical,1,12.078826,2.8092418
classical/classical.00063,classical,1,13.62865,2.1588824
classical/classical.00064,classical,1,12.506474,2.759409
classical/classical.00065,classical,1,13.859405,2.3369272
classical/classical.00066,classical,1,13.848189,2.3102336
classical/classical.00067,classical,1,13.893669,2.2964568
classical/classical.00068,classical,1,12.761237,2.3573918
classical/classical.00069,classical,1,12.2507305,2.5407393
classical/classical.00070,classical,1,13.2985115,2.4570081
classical/classical.00071,classical,1,12.987723,2.4199433
classical/classical.00072,classical,1,12.560011,2.7260215
classical/classical.00073,classical,1,12.609086,2.757155
classical/classical.00074,classical,1,12.948976,2.5314543
classical/classical.00075,classical,1,13.566205,2.2932012
classical/classical.00076,classical,1,12.348347,2.3266218
classical/classical.00077,classical,1,13.507863,2.1010737
classical/classical.00078,classical,1,13.540696,2.1323245
classical/classical.00079,classical,1,13.828948,2.3389785
classical/classical.00080,classical,1,13.494283,2.0954125
classical/classical.00081,classical,1,12.395345,2.4203389
classical/classical.00082,classical,1,12.1110115,2.593469
classical/classical.00083,classical,1,12.598252,1.9205455
classical/classical.00084,classical,1,13.087116,1.8062768
classical/classical.00085,classical,1,12.717143,2.0511942
classical/classical.00086,classical,1,12.635308,2.481271
classical/classical.00087,classical,1,12.411063,2.0996482
classical/classical.00088,classical,1,13.146084,1.9105626
classical/classical.00089,classical,1,12.93013,2.6056323
classical/classical.00090,classical,1,13.124741,2.5946715
classical/classical.00091,classical,1,12.502928,2.8748453
classical/classical.00092,classical,1,12.472219,2.916415
classical/classical.00093,classical,1,13.726093,2.527345
classical/classical.00094,classical,1,12.37102,2.5507572
classical/classical.00095,classical,1,13.798781,2.5083857
classical/classical.00096,classical,1,12.725752,2.49812
classical/classical.00097,classical,1,13.775047,2.461421
classical/classical.00098,classical,1,12.408647,2.863059
classical/classical.00099,classical,1,12.273616,2.0947952
country/country.00000,country,2,0.28191665,6.8356237
country/country.00001,country,2,0.861839,6.0291934
country/country.00002,country,2,1.6113578,8.368086
country/country.00003,country,2,1.307669,7.5472302
country/country.00004,country,2,0.77321315,6.0106854
country/country.00005,country,2,0.68948334,6.3529873
country/country.00006,country,2,0.43972257,6.605123
country/country.00007,country,2,0.456917,6.5568647
country/country.00008,country,2,0.749626,5.9339886
country/country.00009,country,2,0.76492333,6.0118046
country/country.00010,country,2,1.5927993,7.7761917
country/country.00011,country,2,0.47439513,8.279266
country/country.00012,country,2,1.2376069,7.711876
country/country.00013,country,2,-0.32332253,7.698584
country/country.00014,country,2,-0.7740673,8.063944
country/country.00015,country,2,1.2273959,7.1131115
country/country.00016,country,2,1.7348821,7.375385
country/country.00017,country,2,1.1129063,7.0120306
country/country.00018,country,2,-0.17904603,7.3896117
country/country.00019,country,2,1.9117807,7.7473516
country/country.00020,country,2,0.95213383,7.9317145
country/country.00021,country,2,1.8577349,7.5284653
country/country.00022,country,2,1.668025,7.7867975
country/country.00023,country,2,0.90825653,8.01528
country/country.00024,country,2,1.7686799,8.099841
country/country.00025,country,2,1.2955354,7.4952984
country/country.00026,country,2,1.6276996,7.4355335
country/country.00027,country,2,1.3683728,7.1498804
country/country.00028,country,2,0.647182,7.017044
country/country.00029,country,2,1.8833086,7.622821
country/country.00030,country,2,2.1566045,7.3101716
country/country.00031,country,2,0.38909283,6.681916
country/country.00032,country,2,1.4116722,7.876167
country/country.00033,country,2,-0.12779224,7.5952487
country/country.00034,country,2,-0.48073754,7.866627
country/country.00035,country,2,-0.0011385154,7.014886
country/country.00036,country,2,1.465883,7.827084
country/country.00037,country,2,-0.13727026,6.871321
country/country.00038,country,2,-0.25865117,7.417499
country/country.00039,country,2,0.061115235,7.420327
country/country.00040,country,2,0.23991108,7.5210443
country/country.00041,country,2,-0.058042113,7.231441
country/country.00042,country,2,0.06942883,7.0105457
country/country.00043,country,2,-0.06478626,6.678077
country/country.00044,country,2,1.2343798,7.5442166
country/country.00045,country,2,0.1300277,7.641959
country/country.00046,country,2,1.3738004,7.3664017
country/country.00047,country,2,1.663559,7.9490795
country/country.00048,country,2,1.3214447,7.6537185
country/country.00049,country,2,1.3947864,7.493185
country/country.00050,country,2,0.6126605,6.6621313
country/country.00051,country,2,0.6271561,6.9587307
country/country.00052,country,2,0.5875163,6.988602
country/country.00053,country,2,0.8458223,6.406017
country/country.00054,country,2,0.45018643,6.923824
country/country.00055,country,2,0.67623276,6.550399
country/country.00056,country,2,0.7187801,7.0094743
country/country.00057,country,2,0.5046487,6.9568977
country/country.00058,country,2,0.50190216,6.876842
country/country.00059,country,2,0.9681121,7.911255
country/country.00060,country,2,0.4715415,7.00347
country/country.00061,country,2,0.48213103,7.012445
country/country.00062,country,2,0.8991884,6.5581427
country/country.00063,country,2,0.5753477,8.081574
country/country.00064,country,2,0.4086083,6.8486013
country/country.00065,country,2,1.7688792,7.882383
country/country.00066,country,2,1.1758462,6.6384487
country/country.00067,country,2,1.886931,7.6970425
country/country.00068,country,2,1.8736421,7.651636
country/country.00069,country,2,1.6275796,7.398517
country/country.00070,country,2,0.89915675,6.6185503
country/country.00071,country,2,1.9355229,7.3323045
country/country.00072,country,2,1.1524326,6.689272
country/country.00073,country,2,0.6612434,6.867133
country/country.00074,country,2,1.5301275,7.499409
country/country.00075,country,2,1.1259094,6.385092
country/country.00076,country,2,1.6236497,7.765981
country/country.00077,country,2,1.2636975,6.732751
country/country.00078,country,2,2.0801132,7.3142533
country/country.00079,country,2,1.8312408,7.485521
country/country.00080,country,2,0.27307254,7.4278207
country/country.00081,country,2,0.7878223,6.5894437
country/country.00082,country,2,1.0056825,6.5231543
country/country.00083,country,2,1.4491808,7.660183
country/country.00084,country,2,0.80365527,6.610513
country/country.00085,country,2,1.6295098,7.8473034
country/country.00086,country,2,1.3717408,7.4709992
country/country.00087,country,2,1.4021152,7.6606364
country/country.00088,country,2,1.5350654,7.746807
country/country.00089,country,2,1.5731907,7.658532
country/country.00090,country,2,1.1309637,6.4639387
country/country.00091,country,2,1.7771366,7.649793
country/country.00092,country,2,1.0053753,6.204035
country/country.00093,country,2,1.7012762,7.9713593
country/country.00094,country,2,1.4038448,7.5566955
country/country.00095,country,2,1.287495,7.649877
country/country.00096,country,2,1.2047675,6.7034035
country/country.00097,country,2,1.2958189,7.6223764
country/country.00098,country,2,1.4859453,7.9152226
country/country.00099,country,2,1.0725082,6.4058766
disco/disco.00000,disco,3,-4.309681,8.521161
disco/disco.00001,disco,3,-3.6812954,7.6585484
disco/disco.00002,disco,3,-2.8581686,7.905465
disco/disco.00003,disco,3,-4.2374344,8.467181
disco/disco.00004,disco,3,-1.8505586,7.7257667
disco/disco.00005,disco,3,-3.9783614,7.735163
disco/disco.00006,disco,3,-3.5876212,7.2747006
disco/disco.00007,disco,3,-2.9260163,7.7308726
disco/disco.00008,disco,3,-3.4960394,7.5645304
disco/disco.00009,disco,3,-3.5187635,7.521115
disco/disco.00010,disco,3,-3.6430247,7.392372
disco/disco.00011,disco,3,-2.6758926,8.145817
disco/disco.00012,disco,3,-3.5901105,7.8438077
disco/disco.00013,disco,3,-2.5672832,8.281039
disco/disco.00014,disco,3,-3.2208183,7.636425
disco/disco.00015,disco,3,-2.7650359,7.808308
disco/disco.00016,disco,3,-3.2090983,7.7564583
disco/disco.00017,disco,3,-2.9591734,7.635666
disco/disco.00018,disco,3,-2.6009548,7.8472075
disco/disco.00019,disco,3,-2.3880894,7.6653805
disco/disco.00020,disco,3,-2.8279378,7.3320484
disco/disco.00021,disco,3,-2.8108957,7.907652
disco/disco.00022,disco,3,-2.5724483,8.641488
disco/disco.00023,disco,3,-2.1810617,8.060612
disco/disco.00024,disco,3,-2.8642244,7.6776443
disco/disco.00025,disco,3,-3.0614364,7.6075425
disco/disco.00026,disco,3,-2.685224,8.619274
disco/disco.00027,disco,3,-4.502084,9.771803
disco/disco.00028,disco,3,-2.7249026,8.492937
disco/disco.00029,disco,3,-2.9712842,8.410406
disco/disco.00030,disco,3,-2.866191,7.8316927
disco/disco.00031,disco,3,-2.682146,7.5620165
disco/disco.00032,disco,3,-2.92416,7.550514
disco/disco.00033,disco,3,-3.3398323,7.5800595
disco/disco.00034,disco,3,-2.4354258,7.7446814
disco/disco.00035,disco,3,-2.7597973,8.379292
disco/disco.00036,disco,3,-2.9165492,7.9095244
disco/disco.00037,disco,3,-2.8555539,8.011924
disco/disco.00038,disco,3,-2.545741,7.904645
disco/disco.00039,disco,3,-2.8011851,7.502861
disco/disco.00040,disco,3,-3.177471,7.729597
disco/disco.00041,disco,3,0.3081729,7.0459566
disco/disco.00042,disco,3,-3.435596,7.3036914
disco/disco.00043,disco,3,-2.8991737,7.7627144
disco/disco.00044,disco,3,-3.4420547,7.660215
disco/disco.00045,disco,3,-2.731395,7.571921
disco/disco.00046,disco,3,-3.784497,7.9726787
disco/disco.00047,disco,3,13.212551,2.1343515
disco/disco.00048,disco,3,-4.013701,7.9624443
disco/disco.00049,disco,3,-3.8039756,7.739275
disco/disco.00050,disco,3,-3.7009492,7.206168
disco/disco.00051,disco,3,-3.7548969,7.1974945
disco/disco.00052,disco,3,-3.739968,7.233815
disco/disco.00053,disco,3,-3.991357,8.310212
disco/disco.00054,disco,3,-4.454393,9.736977
disco/disco.00055,disco,3,-3.8242722,7.522696
disco/disco.00056,disco,3,1.964562,11.949049
disco/disco.00057,disco,3,-3.4720461,7.207376
disco/disco.00058,disco,3,-4.1331882,8.153065
disco/disco.00059,disco,3,-4.156358,8.377905
disco/disco.00060,disco,3,-3.9187093,7.6808615
disco/disco.00061,disco,3,-4.2051187,8.455082
disco/disco.00062,disco,3,-4.294801,8.527621
disco/disco.00063,disco,3,-4.1348186,8.561147
disco/disco.00064,disco,3,-4.274354,8.176801
disco/disco.00065,disco,3,-4.2633433,8.355477
disco/disco.00066,disco,3,-4.066301,8.132684
disco/disco.00067,disco,3,-3.7421904,7.247727
disco/disco.00068,disco,3,-3.451582,7.4577494
disco/disco.00069,disco,3,-3.090912,7.551736
disco/disco.00070,disco,3,-3.7296808,7.268785
disco/disco.00071,disco,3,-3.5473309,7.7450294
disco/disco.00072,disco,3,-3.6565185,7.5205693
disco/disco.00073,disco,3,-3.7889862,7.3256183
disco/disco.00074,disco,3,-3.7375996,7.299961
disco/disco.00075,disco,3,-4.1090536,8.045158
disco/disco.00076,disco,3,-3.5199933,7.3970833
disco/disco.00077,disco,3,-3.7920058,7.636089
disco/disco.00078,disco,3,-2.9628284,7.7068
disco/disco.00079,disco,3,-3.9204085,8.070386
disco/disco.00080,disco,3,-3.1094306,7.785064
disco/disco.00081,disco,3,-4.1561093,8.250217
disco/disco.00082,disco,3,-4.2410493,8.355604
disco/disco.00083,disco,3,-4.2206645,8.277985
disco/disco.00084,disco,3,-4.35001,8.738455
disco/disco.00085,disco,3,-4.403677,9.067175
disco/disco.00086,disco,3,-2.8175366,6.9862466
disco/disco.00087,disco,3,-3.3045561,7.5250583
disco/disco.00088,disco,3,-3.5895815,7.3350987
disco/disco.00089,disco,3,-3.8435433,7.515787
disco/disco.00090,disco,3,-3.3993485,7.7352037
disco/disco.00091,disco,3,2.3035567,12.102111
disco/disco.00092,disco,3,-3.1456695,7.465332
disco/disco.00093,disco,3,-4.1554213,8.118606
disco/disco.00094,disco,3,-3.10629,7.653578
disco/disco.00095,disco,3,-4.242901,8.379383
disco/disco.00096,disco,3,-4.1552787,8.061971
disco/disco.00097,disco,3,-3.2407134,7.81667
disco/disco.00098,disco,3,-4.1287527,7.881629
disco/disco.00099,disco,3,-4.139622,7.9444304
hiphop/hiphop.00000,hiphop,4,-4.935504,9.272892
hiphop/hiphop.00001,hiphop,4,-4.423127,10.858489
hiphop/hiphop.00002,hiphop,4,-4.979007,11.14443
hiphop/hiphop.00003,hiphop,4,-4.549591,10.82031
hiphop/hiphop.00004,hiphop,4,-4.4261904,11.372426
hiphop/hiphop.00005,hiphop,4,-5.347424,9.989441
hiphop/hiphop.00006,hiphop,4,-4.610448,10.68018
hiphop/hiphop.00007,hiphop,4,-4.6010904,10.648697
hiphop/hiphop.00008,hiphop,4,-4.5288634,10.860319
hiphop/hiphop.00009,hiphop,4,-4.7893524,11.301429
hiphop/hiphop.00010,hiphop,4,-5.2591395,9.85791
hiphop/hiphop.00011,hiphop,4,-5.3300304,10.2679
hiphop/hiphop.00012,hiphop,4,-5.3577633,10.17096
hiphop/hiphop.00013,hiphop,4,-5.0553927,10.446557
hiphop/hiphop.00014,hiphop,4,0.666867,1.8972001
hiphop/hiphop.00015,hiphop,4,-5.2201443,9.913156
hiphop/hiphop.00016,hiphop,4,-4.791151,10.485593
hiphop/hiphop.00017,hiphop,4,-5.36192,10.1665
hiphop/hiphop.00018,hiphop,4,-5.029391,10.365131
hiphop/hiphop.00019,hiphop,4,-4.653639,10.832519
hiphop/hiphop.00020,hiphop,4,-4.1824536,10.935473
hiphop/hiphop.00021,hiphop,4,-5.3703437,10.079378
hiphop/hiphop.00022,hiphop,4,-4.936954,11.078668
hiphop/hiphop.00023,hiphop,4,0.98344094,2.3553703
hiphop/hiphop.00024,hiphop,4,-4.6388516,10.566215
hiphop/hiphop.00025,hiphop,4,-5.085568,9.480971
hiphop/hiphop.00026,hiphop,4,-4.319661,10.824067
hiphop/hiphop.00027,hiphop,4,-4.3727713,10.657338
hiphop/hiphop.00028,hiphop,4,-4.4555683,10.633494
hiphop/hiphop.00029,hiphop,4,-4.2480793,10.681431
hiphop/hiphop.00030,hiphop,4,-5.300683,9.813563
hiphop/hiphop.00031,hiphop,4,-2.5630257,9.679094
hiphop/hiphop.00032,hiphop,4,-4.9818172,11.005916
hiphop/hiphop.00033,hiphop,4,-4.728238,10.446315
hiphop/hiphop.00034,hiphop,4,-5.2815485,9.820333
hiphop/hiphop.00035,hiphop,4,-4.7166386,10.520581
hiphop/hiphop.00036,hiphop,4,-4.1912136,11.050704
hiphop/hiphop.00037,hiphop,4,-3.8799663,10.768703
hiphop/hiphop.00038,hiphop,4,-4.988188,10.385165
hiphop/hiphop.00039,hiphop,4,-4.1836133,11.284368
hiphop/hiphop.00040,hiphop,4,-4.2063413,11.288616
hiphop/hiphop.00041,hiphop,4,-4.968775,10.592785
hiphop/hiphop.00042,hiphop,4,-4.0844665,10.728223
hiphop/hiphop.00043,hiphop,4,-4.5551434,11.404509
hiphop/hiphop.00044,hiphop,4,-4.8285728,10.954268
hiphop/hiphop.00045,hiphop,4,-4.217418,11.222121
hiphop/hiphop.00046,hiphop,4,-4.2741256,11.233911
hiphop/hiphop.00047,hiphop,4,-4.2009,11.463369
hiphop/hiphop.00048,hiphop,4,-4.635279,11.3856735
hiphop/hiphop.00049,hiphop,4,-4.6430626,11.137893
hiphop/hiphop.00050,hiphop,4,-5.06708,11.193504
hiphop/hiphop.00051,hiphop,4,-4.7437887,10.788419
hiphop/hiphop.00052,hiphop,4,-4.5369425,11.425417
hiphop/hiphop.00053,hiphop,4,-4.0460534,10.715815
hiphop/hiphop.00054,hiphop,4,-4.625516,10.689981
hiphop/hiphop.00055,hiphop,4,1.6220918,12.21843
hiphop/hiphop.00056,hiphop,4,-5.252606,10.11898
hiphop/hiphop.00057,hiphop,4,-5.1167216,11.112274
hiphop/hiphop.00058,hiphop,4,-4.578904,11.127113
hiphop/hiphop.00059,hiphop,4,-5.061569,11.265796
hiphop/hiphop.00060,hiphop,4,-5.090635,11.102505
hiphop/hiphop.00061,hiphop,4,-5.077597,11.051901
hiphop/hiphop.00062,hiphop,4,-4.447192,11.481816
hiphop/hiphop.00063,hiphop,4,-4.6351523,10.690845
hiphop/hiphop.00064,hiphop,4,-4.947774,11.183547
hiphop/hiphop.00065,hiphop,4,-4.5371127,11.454666
hiphop/hiphop.00066,hiphop,4,1.2446657,11.938906
hiphop/hiphop.00067,hiphop,4,-4.125944,11.34435
hiphop/hiphop.00068,hiphop,4,-4.9626904,11.308866
hiphop/hiphop.00069,hiphop,4,-4.507455,11.26904
hiphop/hiphop.00070,hiphop,4,-4.434757,11.516397
hiphop/hiphop.00071,hiphop,4,-4.12936,11.441203
hiphop/hiphop.00072,hiphop,4,-5.026418,11.186123
hiphop/hiphop.00073,hiphop,4,-4.340413,11.453217
hiphop/hiphop.00074,hiphop,4,-4.97939,11.263077
hiphop/hiphop.00075,hiphop,4,-4.2379904,11.38866
hiphop/hiphop.00076,hiphop,4,-4.2690535,11.302075
hiphop/hiphop.00077,hiphop,4,-4.563368,10.192484
hiphop/hiphop.00078,hiphop,4,-4.3296623,11.214057
hiphop/hiphop.00079,hiphop,4,-4.034026,10.683509
hiphop/hiphop.00080,hiphop,4,-4.2750006,10.638885
hiphop/hiphop.00081,hiphop,4,-5.107708,10.858839
hiphop/hiphop.00082,hiphop,4,-5.333608,9.756436
hiphop/hiphop.00083,hiphop,4,-5.137167,10.240022
hiphop/hiphop.00084,hiphop,4,-5.009908,10.446056
hiphop/hiphop.00085,hiphop,4,-5.349325,10.126619
hiphop/hiphop.00086,hiphop,4,-5.0284863,10.464975
hiphop/hiphop.00087,hiphop,4,-4.7374263,10.126456
hiphop/hiphop.00088,hiphop,4,-5.257613,9.848819
hiphop/hiphop.00089,hiphop,4,-5.1356993,10.06311
hiphop/hiphop.00090,hiphop,4,-5.46481,10.079354
hiphop/hiphop.00091,hiphop,4,-5.2915907,9.923741
hiphop/hiphop.00092,hiphop,4,-5.2361364,10.506512
hiphop/hiphop.00093,hiphop,4,-4.83369,11.20298
hiphop/hiphop.00094,hiphop,4,-5.160224,10.861282
hiphop/hiphop.00095,hiphop,4,-5.386975,9.673065
hiphop/hiphop.00096,hiphop,4,-5.4264107,10.185154
hiphop/hiphop.00097,hiphop,4,-5.225756,9.99647
hiphop/hiphop.00098,hiphop,4,-5.4045935,10.025187
hiphop/hiphop.00099,hiphop,4,-5.135599,11.048217
jazz/jazz.00000,jazz,5,10.218109,11.655196
jazz/jazz.00001,jazz,5,11.0330305,10.694765
jazz/jazz.00002,jazz,5,11.047805,10.8023815
jazz/jazz.00003,jazz,5,11.097912,10.67632
jazz/jazz.00004,jazz,5,10.061133,11.153623
jazz/jazz.00005,jazz,5,10.039255,11.622621
jazz/jazz.00006,jazz,5,10.228833,11.256419
jazz/jazz.00007,jazz,5,10.371153,11.381012
jazz/jazz.00008,jazz,5,10.365926,11.266959
jazz/jazz.00009,jazz,5,10.825614,10.895802
jazz/jazz.00010,jazz,5,11.083735,10.822901
jazz/jazz.00011,jazz,5,10.561535,11.275541
jazz/jazz.00012,jazz,5,10.691442,11.094536
jazz/jazz.00013,jazz,5,10.010711,11.599397
jazz/jazz.00014,jazz,5,10.597276,11.2856455
jazz/jazz.00015,jazz,5,10.558377,11.49272
jazz/jazz.00016,jazz,5,10.700683,11.155627
jazz/jazz.00017,jazz,5,10.223909,11.658997
jazz/jazz.00018,jazz,5,10.857695,11.12867
jazz/jazz.00019,jazz,5,10.704861,11.122768
jazz/jazz.00020,jazz,5,9.555918,11.633714
jazz/jazz.00021,jazz,5,10.214531,10.776816
jazz/jazz.00022,jazz,5,9.590106,11.585782
jazz/jazz.00023,jazz,5,10.20907,11.50132
jazz/jazz.00024,jazz,5,10.571387,11.739926
jazz/jazz.00025,jazz,5,9.735184,11.503431
jazz/jazz.00026,jazz,5,10.028451,11.152429
jazz/jazz.00027,jazz,5,10.542297,11.414026
jazz/jazz.00028,jazz,5,10.324911,11.459245
jazz/jazz.00029,jazz,5,10.435854,11.215618
jazz/jazz.00030,jazz,5,10.779906,10.992157
jazz/jazz.00031,jazz,5,10.693781,11.428757
jazz/jazz.00032,jazz,5,9.899942,11.756144
jazz/jazz.00033,jazz,5,9.751565,11.586937
jazz/jazz.00034,jazz,5,10.660482,11.610426
jazz/jazz.00035,jazz,5,10.893866,10.9843645
jazz/jazz.00036,jazz,5,10.570817,11.802417
jazz/jazz.00037,jazz,5,9.863331,11.485378
jazz/jazz.00038,jazz,5,10.801738,11.081359
jazz/jazz.00039,jazz,5,10.562494,11.792286
jazz/jazz.00040,jazz,5,9.858819,11.541691
jazz/jazz.00041,jazz,5,10.566971,11.840206
jazz/jazz.00042,jazz,5,10.715035,11.464682
jazz/jazz.00043,jazz,5,10.766705,11.413135
jazz/jazz.00044,jazz,5,10.067685,11.41613
jazz/jazz.00045,jazz,5,10.962705,10.980652
jazz/jazz.00046,jazz,5,10.506542,11.867073
jazz/jazz.00047,jazz,5,10.568472,10.7611685
jazz/jazz.00048,jazz,5,10.618289,10.72694
jazz/jazz.00049,jazz,5,9.765015,11.414169
jazz/jazz.00050,jazz,5,9.996506,10.482599
jazz/jazz.00051,jazz,5,9.707833,11.715313
jazz/jazz.00052,jazz,5,9.911379,10.968977
jazz/jazz.00053,jazz,5,10.650598,11.669245
jazz/jazz.00055,jazz,5,10.941238,10.948779
jazz/jazz.00056,jazz,5,10.1170435,10.5103035
jazz/jazz.00057,jazz,5,10.691952,10.995
jazz/jazz.00058,jazz,5,10.567757,11.810956
jazz/jazz.00059,jazz,5,9.820028,11.48968
jazz/jazz.00060,jazz,5,9.881352,11.36121
jazz/jazz.00061,jazz,5,10.515196,10.539553
jazz/jazz.00062,jazz,5,10.904832,10.9586315
jazz/jazz.00063,jazz,5,10.340544,10.713299
jazz/jazz.00064,jazz,5,10.678333,10.63401
jazz/jazz.00065,jazz,5,10.577096,11.795264
jazz/jazz.00066,jazz,5,10.740662,10.933472
jazz/jazz.00067,jazz,5,9.816955,11.588588
jazz/jazz.00068,jazz,5,10.742392,11.512494
jazz/jazz.00069,jazz,5,10.724148,11.305696
jazz/jazz.00070,jazz,5,9.888714,11.418317
jazz/jazz.00071,jazz,5,10.949036,10.957454
jazz/jazz.00072,jazz,5,10.479789,11.88551
jazz/jazz.00073,jazz,5,10.119442,11.209687
jazz/jazz.00074,jazz,5,9.928146,11.352605
jazz/jazz.00075,jazz,5,10.362277,10.881984
jazz/jazz.00076,jazz,5,11.106253,10.834386
jazz/jazz.00077,jazz,5,10.362607,10.83946
jazz/jazz.00078,jazz,5,9.915891,11.35271
jazz/jazz.00079,jazz,5,10.059199,10.723365
jazz/jazz.00080,jazz,5,10.282825,10.651798
jazz/jazz.00081,jazz,5,9.715109,10.622715
jazz/jazz.00082,jazz,5,10.024446,10.577727
jazz/jazz.00083,jazz,5,10.069838,10.553121
jazz/jazz.00084,jazz,5,10.143159,10.585061
jazz/jazz.00085,jazz,5,10.230099,10.606177
jazz/jazz.00086,jazz,5,10.091806,10.668708
jazz/jazz.00087,jazz,5,9.33365,11.621982
jazz/jazz.00088,jazz,5,9.889759,11.018852
jazz/jazz.00089,jazz,5,10.160105,11.144076
jazz/jazz.00090,jazz,5,-0.023277588,6.678807
jazz/jazz.00091,jazz,5,10.0730505,11.144122
jazz/jazz.00092,jazz,5,10.206483,11.031546
jazz/jazz.00093,jazz,5,10.440264,10.470583
jazz/jazz.00094,jazz,5,9.650346,11.688942
jazz/jazz.00095,jazz,5,10.001123,11.208636
jazz/jazz.00096,jazz,5,9.861029,11.728391
jazz/jazz.00097,jazz,5,9.322425,11.6004505
jazz/jazz.00098,jazz,5,9.845265,11.421339
jazz/jazz.00099,jazz,5,9.686442,11.562457
metal/metal.00000,metal,6,1.5793637,1.9694649
metal/metal.00001,metal,6,0.60811865,2.7769256
metal/metal.00002,metal,6,0.79188,2.8103304
metal/metal.00003,metal,6,0.95987487,1.996008
metal/metal.00004,metal,6,1.2681113,1.8152158
metal/metal.00005,metal,6,1.2774794,1.3632351
metal/metal.00006,metal,6,1.4854642,2.1459384
metal/metal.00007,metal,6,1.5222603,2.0428157
metal/metal.00008,metal,6,1.3069549,1.4034427
metal/metal.00009,metal,6,1.7958977,1.6158456
metal/metal.00010,metal,6,1.6812655,1.9138274
metal/metal.00011,metal,6,1.2630073,2.5050519
metal/metal.00012,metal,6,1.4068182,2.3422322
metal/metal.00013,metal,6,1.7170128,1.8563728
metal/metal.00014,metal,6,1.3978659,2.4202337
metal/metal.00015,metal,6,1.8012844,1.7662745
metal/metal.00016,metal,6,0.73581994,2.5149202
metal/metal.00017,metal,6,1.6553007,1.7297336
metal/metal.00018,metal,6,0.5246666,2.9887576
metal/metal.00019,metal,6,1.6656933,1.648248
metal/metal.00020,metal,6,1.7425293,1.733735
metal/metal.00021,metal,6,1.1191428,1.7812444
metal/metal.00022,metal,6,1.282208,1.2530068
metal/metal.00023,metal,6,1.6524047,1.95944
metal/metal.00024,metal,6,1.2337532,2.4673803
metal/metal.00025,metal,6,1.3552065,1.6206999
metal/metal.00026,metal,6,1.343535,2.2463605
metal/metal.00027,metal,6,1.1995378,2.092711
metal/metal.00028,metal,6,0.4154987,3.1145685
metal/metal.00029,metal,6,0.99932754,1.5025796
metal/metal.00030,metal,6,1.081678,2.550183
metal/metal.00031,metal,6,1.3268594,1.4890904
metal/metal.00032,metal,6,0.6965462,2.8666732
metal/metal.00033,metal,6,1.5376743,1.4475766
metal/metal.00034,metal,6,0.9596199,1.9155363
metal/metal.00035,metal,6,1.0606827,1.9418616
metal/metal.00036,metal,6,0.967856,1.9235749
metal/metal.00037,metal,6,0.5518617,3.1590059
metal/metal.00038,metal,6,1.1777794,1.0137851
metal/metal.00039,metal,6,1.394356,1.388791
metal/metal.00040,metal,6,0.636172,2.5401256
metal/metal.00041,metal,6,0.51294583,2.9675007
metal/metal.00042,metal,6,0.426503,3.1375628
metal/metal.00043,metal,6,0.6298163,1.974261
metal/metal.00044,metal,6,0.53340197,2.826304
metal/metal.00045,metal,6,0.6622428,1.989402
metal/metal.00046,metal,6,1.5767498,2.0907705
metal/metal.00047,metal,6,1.5379963,2.1117334
metal/metal.00048,metal,6,1.4195887,2.4235165
metal/metal.00049,metal,6,1.4693121,2.2971177
metal/metal.00050,metal,6,1.5707966,1.8828087
metal/metal.00051,metal,6,1.6528361,2.0753627
metal/metal.00052,metal,6,1.6342589,1.6249207
metal/metal.00053,metal,6,1.5606943,1.4858115
metal/metal.00054,metal,6,1.7224576,1.995366
metal/metal.00055,metal,6,1.751803,1.8457708
metal/metal.00056,metal,6,1.7501711,1.8444898
metal/metal.00057,metal,6,1.3908304,1.3250875
metal/metal.00058,metal,6,0.35105813,3.2446065
metal/metal.00059,metal,6,0.36895427,3.2550128
metal/metal.00060,metal,6,0.5813775,3.015879
metal/metal.00061,metal,6,0.62168753,2.604261
metal/metal.00062,metal,6,0.50147134,2.946868
metal/metal.00063,metal,6,0.42732233,3.1344173
metal/metal.00064,metal,6,0.6548479,2.0036614
metal/metal.00065,metal,6,0.5389092,2.8389323
metal/metal.00066,metal,6,0.6312983,1.9889718
metal/metal.00067,metal,6,1.3130635,1.3051008
metal/metal.00068,metal,6,0.7188959,1.9981586
metal/metal.00069,metal,6,0.9549917,1.3624238
metal/metal.00070,metal,6,1.119292,0.99382293
metal/metal.00071,metal,6,0.81021035,1.8968123
metal/metal.00072,metal,6,1.733415,1.7976348
metal/metal.00073,metal,6,1.6652862,1.5662795
metal/metal.00074,metal,6,1.4539189,1.298817
metal/metal.00075,metal,6,1.0711759,2.5507016
metal/metal.00076,metal,6,1.3202986,1.2184995
metal/metal.00077,metal,6,1.3640655,2.4202137
metal/metal.00078,metal,6,1.4481605,1.6838024
metal/metal.00079,metal,6,0.93015087,1.563338
metal/metal.00080,metal,6,1.0845282,1.2051563
metal/metal.00081,metal,6,0.1943752,3.7018886
metal/metal.00082,metal,6,0.8620415,1.9639432
metal/metal.00083,metal,6,1.1371319,2.5705914
metal/metal.00084,metal,6,0.40137267,3.0788991
metal/metal.00085,metal,6,0.9486007,1.4635419
metal/metal.00086,metal,6,0.5510462,2.8694358
metal/metal.00087,metal,6,1.7050368,1.5810052
metal/metal.00088,metal,6,1.2196412,1.0486591
metal/metal.00089,metal,6,1.7398623,1.5080452
metal/metal.00090,metal,6,0.8686287,1.6239476
metal/metal.00091,metal,6,0.72931147,1.5517524
metal/metal.00092,metal,6,1.2094895,1.601012
metal/metal.00093,metal,6,1.6266035,1.9379002
metal/metal.00094,metal,6,0.97474146,1.9060684
metal/metal.00095,metal,6,1.0869597,1.322383
metal/metal.00096,metal,6,1.2311978,1.1416746
metal/metal.00097,metal,6,1.217938,1.2325963
metal/metal.00098,metal,6,1.2592554,1.261956
metal/metal.00099,metal,6,1.1275358,1.1871492
pop/pop.00000,pop,7,-2.2763011,9.295775
pop/pop.00001,pop,7,-2.601145,10.38235
pop/pop.00002,pop,7,-2.3378036,9.39002
pop/pop.00003,pop,7,-1.0604553,8.124839
pop/pop.00004,pop,7,-0.78376055,7.1576986
pop/pop.00005,pop,7,-0.8106952,7.0956187
pop/pop.00006,pop,7,-0.7159054,7.205979
pop/pop.00007,pop,7,-0.27714214,8.480715
pop/pop.00008,pop,7,-0.9078098,7.2720327
pop/pop.00009,pop,7,-1.9482447,8.402237
pop/pop.00010,pop,7,-0.20435959,8.256537
pop/pop.00011,pop,7,-0.7856486,7.1431084
pop/pop.00012,pop,7,-0.9080095,7.291882
pop/pop.00013,pop,7,-0.054339763,8.599383
pop/pop.00014,pop,7,-2.1191869,8.308015
pop/pop.00015,pop,7,-1.622671,8.609827
pop/pop.00016,pop,7,-2.6569202,10.232983
pop/pop.00017,pop,7,-0.10852768,4.675187
pop/pop.00018,pop,7,-2.127516,9.147689
pop/pop.00019,pop,7,-1.2576449,8.500651
pop/pop.00020,pop,7,-1.7061876,8.515921
pop/pop.00021,pop,7,-1.8644354,8.273348
pop/pop.00022,pop,7,-1.6743023,8.685854
pop/pop.00023,pop,7,-2.5094893,10.301867
pop/pop.00024,pop,7,-1.8614867,8.800601
pop/pop.00025,pop,7,-0.51592356,8.538702
pop/pop.00026,pop,7,-0.797699,8.376687
pop/pop.00027,pop,7,-2.3245423,9.907859
pop/pop.00028,pop,7,-1.5197581,8.551546
pop/pop.00029,pop,7,-0.76725304,8.550932
pop/pop.00030,pop,7,-1.3409853,7.8089647
pop/pop.00031,pop,7,-1.2681278,8.079648
pop/pop.00032,pop,7,-2.4252279,10.2239
pop/pop.00033,pop,7,-1.7826746,8.765607
pop/pop.00034,pop,7,-0.8300367,8.50331
pop/pop.00035,pop,7,-1.593477,8.427555
pop/pop.00036,pop,7,-2.4154508,10.341532
pop/pop.00037,pop,7,-2.5271163,9.574208
pop/pop.00038,pop,7,-1.5216956,8.618173
pop/pop.00039,pop,7,-0.7047522,8.556658
pop/pop.00040,pop,7,-0.7134648,7.1032147
pop/pop.00041,pop,7,-0.21691927,8.39448
pop/pop.00042,pop,7,-0.7651966,8.650635
pop/pop.00043,pop,7,-2.4119914,9.189593
pop/pop.00044,pop,7,-2.391285,9.514831
pop/pop.00045,pop,7,-2.4088151,9.452896
pop/pop.00046,pop,7,-2.3443353,9.426602
pop/pop.00047,pop,7,-2.6823387,10.067613
pop/pop.00048,pop,7,-2.4524982,9.743619
pop/pop.00049,pop,7,-0.13705786,8.693022
pop/pop.00050,pop,7,-2.4933324,10.463413
pop/pop.00051,pop,7,-2.5690925,9.923454
pop/pop.00052,pop,7,-2.8436635,10.452335
pop/pop.00053,pop,7,-3.2237413,10.80352
pop/pop.00054,pop,7,-2.5818534,10.482219
pop/pop.00055,pop,7,-2.904484,10.553331
pop/pop.00056,pop,7,-2.9527886,10.641931
pop/pop.00057,pop,7,-2.8647969,10.517002
pop/pop.00058,pop,7,-2.797833,10.443456
pop/pop.00059,pop,7,-2.8817236,10.663403
pop/pop.00060,pop,7,-2.6231446,10.492178
pop/pop.00061,pop,7,-3.085392,10.732942
pop/pop.00062,pop,7,-3.2782023,10.816084
pop/pop.00063,pop,7,-0.6623794,7.148964
pop/pop.00064,pop,7,-3.0491028,10.695449
pop/pop.00065,pop,7,-0.7166257,8.333387
pop/pop.00066,pop,7,-0.67396474,8.593364
pop/pop.00067,pop,7,-2.4809117,9.770886
pop/pop.00068,pop,7,-2.5689824,9.900203
pop/pop.00069,pop,7,-2.41266,8.94132
pop/pop.00070,pop,7,-2.3622136,9.516093
pop/pop.00071,pop,7,-2.4700136,9.725979
pop/pop.00072,pop,7,-2.06587,8.284244
pop/pop.00073,pop,7,-0.9856404,8.4317045
pop/pop.00074,pop,7,-2.6005323,10.68057
pop/pop.00075,pop,7,-2.4592438,10.432535
pop/pop.00076,pop,7,-2.3844857,9.671288
pop/pop.00077,pop,7,-2.3585193,9.528964
pop/pop.00078,pop,7,-2.7995589,10.245916
pop/pop.00079,pop,7,-3.8848798,11.294706
pop/pop.00080,pop,7,-2.6649623,10.059149
pop/pop.00081,pop,7,-1.0034816,8.104826
pop/pop.00082,pop,7,-2.380893,9.044619
pop/pop.00083,pop,7,-0.70737684,8.51206
pop/pop.00084,pop,7,-2.5026934,10.556017
pop/pop.00085,pop,7,-2.8986678,10.49826
pop/pop.00086,pop,7,-1.293208,8.185818
pop/pop.00087,pop,7,-1.1456723,8.351146
pop/pop.00088,pop,7,-2.441961,9.806117
pop/pop.00089,pop,7,-2.586461,9.878137
pop/pop.00090,pop,7,-1.2291719,8.304841
pop/pop.00091,pop,7,-2.3672655,9.583676
pop/pop.00092,pop,7,-2.474021,8.92216
pop/pop.00093,pop,7,-2.7599368,8.50934
pop/pop.00094,pop,7,-0.8842356,7.3707223
pop/pop.00095,pop,7,-0.93315834,8.353566
pop/pop.00096,pop,7,-0.63439494,8.635046
pop/pop.00097,pop,7,-2.742134,10.86865
pop/pop.00098,pop,7,-1.739315,8.675016
pop/pop.00099,pop,7,-0.49379325,8.749796
reggae/reggae.00000,reggae,8,2.031855,12.077759
reggae/reggae.00001,reggae,8,3.2275572,11.812775
reggae/reggae.00002,reggae,8,2.5256667,12.1770935
reggae/reggae.00003,reggae,8,2.5664923,11.981485
reggae/reggae.00004,reggae,8,1.4886423,12.391728
reggae/reggae.00005,reggae,8,1.9371995,12.090148
reggae/reggae.00006,reggae,8,2.6997533,11.836743
reggae/reggae.00007,reggae,8,2.6215668,11.8429165
reggae/reggae.00008,reggae,8,2.2195196,12.169685
reggae/reggae.00009,reggae,8,2.6765702,12.225751
reggae/reggae.00010,reggae,8,4.414285,11.392949
reggae/reggae.00011,reggae,8,2.0090106,12.318851
reggae/reggae.00012,reggae,8,2.01232,12.0387745
reggae/reggae.00013,reggae,8,2.5116212,12.176898
reggae/reggae.00014,reggae,8,2.7558773,12.220419
reggae/reggae.00015,reggae,8,2.1324968,11.983804
reggae/reggae.00016,reggae,8,-2.8856962,6.991567
reggae/reggae.00017,reggae,8,2.5013018,11.905396
reggae/reggae.00018,reggae,8,2.5436628,12.236053
reggae/reggae.00019,reggae,8,2.5790815,12.321025
reggae/reggae.00020,reggae,8,2.297857,12.078698
reggae/reggae.00021,reggae,8,2.0524654,11.586228
reggae/reggae.00022,reggae,8,1.5697733,11.961193
reggae/reggae.00023,reggae,8,1.9860591,11.794747
reggae/reggae.00024,reggae,8,2.427965,11.874593
reggae/reggae.00025,reggae,8,2.5584404,12.2178
reggae/reggae.00026,reggae,8,2.6229768,11.960798
reggae/reggae.00027,reggae,8,2.2305942,12.308601
reggae/reggae.00028,reggae,8,2.8671217,12.259289
reggae/reggae.00029,reggae,8,2.9346633,12.09542
reggae/reggae.00030,reggae,8,2.903614,12.294131
reggae/reggae.00031,reggae,8,2.8377056,12.1465435
reggae/reggae.00032,reggae,8,3.0004952,12.073657
reggae/reggae.00033,reggae,8,2.868265,12.200163
reggae/reggae.00034,reggae,8,2.9582002,12.198762
reggae/reggae.00035,reggae,8,2.9404807,12.191772
reggae/reggae.00036,reggae,8,2.850561,12.158177
reggae/reggae.00037,reggae,8,2.8411322,12.31503
reggae/reggae.00038,reggae,8,2.741322,11.666332
reggae/reggae.00039,reggae,8,2.8294897,12.136086
reggae/reggae.00040,reggae,8,1.8091028,12.187333
reggae/reggae.00041,reggae,8,1.5399106,12.377609
reggae/reggae.00042,reggae,8,1.5032672,12.356233
reggae/reggae.00043,reggae,8,2.5710306,11.68696
reggae/reggae.00044,reggae,8,1.3415033,12.547381
reggae/reggae.00045,reggae,8,1.4669422,12.594113
reggae/reggae.00046,reggae,8,1.7729424,12.448969
reggae/reggae.00047,reggae,8,1.5566586,12.329516
reggae/reggae.00048,reggae,8,1.3342876,12.484494
reggae/reggae.00049,reggae,8,1.7714623,12.447092
reggae/reggae.00050,reggae,8,1.2265726,12.529708
reggae/reggae.00051,reggae,8,-3.390141,10.654827
reggae/reggae.00052,reggae,8,-3.6944015,11.16182
reggae/reggae.00053,reggae,8,2.7429876,12.228858
reggae/reggae.00054,reggae,8,1.7418699,12.551883
reggae/reggae.00055,reggae,8,-3.190267,10.625108
reggae/reggae.00056,reggae,8,1.4420859,12.649883
reggae/reggae.00057,reggae,8,1.6189059,12.692725
reggae/reggae.00058,reggae,8,1.783782,12.487226
reggae/reggae.00059,reggae,8,1.5608842,12.331352
reggae/reggae.00060,reggae,8,2.1076,12.295957
reggae/reggae.00061,reggae,8,-2.4514015,10.386379
reggae/reggae.00062,reggae,8,2.4262567,12.297297
reggae/reggae.00063,reggae,8,1.7340243,12.166021
reggae/reggae.00064,reggae,8,1.4526564,12.584555
reggae/reggae.00065,reggae,8,1.7624314,12.367355
reggae/reggae.00066,reggae,8,1.7048297,12.18955
reggae/reggae.00067,reggae,8,2.4776196,11.812478
reggae/reggae.00068,reggae,8,2.3275352,12.32459
reggae/reggae.00069,reggae,8,1.4342909,12.552336
reggae/reggae.00070,reggae,8,1.4065702,12.493034
reggae/reggae.00071,reggae,8,1.5271574,12.452929
reggae/reggae.00072,reggae,8,1.2949728,12.556539
reggae/reggae.00073,reggae,8,-4.2203083,11.513657
reggae/reggae.00074,reggae,8,-4.2432914,11.524061
reggae/reggae.00075,reggae,8,1.6685818,12.213323
reggae/reggae.00076,reggae,8,1.229112,12.57684
reggae/reggae.00077,reggae,8,2.716599,11.710989
reggae/reggae.00078,reggae,8,1.6167845,12.376467
reggae/reggae.00079,reggae,8,1.2060876,12.58956
reggae/reggae.00080,reggae,8,1.14631,12.68101
reggae/reggae.00081,reggae,8,1.1761659,12.660603
reggae/reggae.00082,reggae,8,1.1821059,12.658596
reggae/reggae.00083,reggae,8,9.640481,11.663684
reggae/reggae.00084,reggae,8,1.9885415,11.971622
reggae/reggae.00085,reggae,8,2.8830562,11.602943
reggae/reggae.00086,reggae,8,-0.08868632,4.0650296
reggae/reggae.00087,reggae,8,-2.5301256,10.687744
reggae/reggae.00088,reggae,8,-2.0096126,8.937841
reggae/reggae.00089,reggae,8,2.7863648,11.89592
reggae/reggae.00090,reggae,8,1.5961124,12.564917
reggae/reggae.00091,reggae,8,1.770102,12.112572
reggae/reggae.00092,reggae,8,1.8246293,12.090031
reggae/reggae.00093,reggae,8,1.527673,12.366847
reggae/reggae.00094,reggae,8,-2.5869024,6.9507346
reggae/reggae.00095,reggae,8,1.9913707,11.917337
reggae/reggae.00096,reggae,8,2.7725365,11.69861
reggae/reggae.00097,reggae,8,-0.41854396,5.01557
reggae/reggae.00098,reggae,8,2.539827,11.982792
reggae/reggae.00099,reggae,8,-2.7384331,6.9301324
rock/rock.00000,rock,9,0.501708,5.294333
rock/rock.00001,rock,9,0.6821403,5.625225
rock/rock.00002,rock,9,3.1443918,11.029246
rock/rock.00003,rock,9,2.9921455,11.044434
rock/rock.00004,rock,9,0.74731183,7.208458
rock/rock.00005,rock,9,-0.087378584,4.4655113
rock/rock.00006,rock,9,1.2494867,6.7310414
rock/rock.00007,rock,9,0.62127304,6.9619536
rock/rock.00008,rock,9,-0.12629166,4.387495
rock/rock.00009,rock,9,0.79547894,7.257835
rock/rock.00010,rock,9,0.75759035,6.7126613
rock/rock.00011,rock,9,0.7173531,7.2590804
rock/rock.00012,rock,9,1.2384208,11.896155
rock/rock.00013,rock,9,1.322878,11.969644
rock/rock.00014,rock,9,1.3888786,11.827599
rock/rock.00015,rock,9,1.2932842,11.958269
rock/rock.00016,rock,9,0.3440281,3.2611423
rock/rock.00017,rock,9,0.07094504,4.324408
rock/rock.00018,rock,9,-0.37637755,4.680685
rock/rock.00019,rock,9,-0.057105128,4.1914053
rock/rock.00020,rock,9,-0.31226322,4.5412116
rock/rock.00021,rock,9,-0.37427494,4.723971
rock/rock.00022,rock,9,-0.37935102,4.5828934
rock/rock.00023,rock,9,0.034792352,4.422598
rock/rock.00024,rock,9,0.062198963,4.361873
rock/rock.00025,rock,9,0.13422185,3.9723625
rock/rock.00026,rock,9,-0.14750293,4.565893
rock/rock.00027,rock,9,-0.32756343,4.8676734
rock/rock.00028,rock,9,-0.29882044,4.904949
rock/rock.00029,rock,9,-0.018598894,4.7699003
rock/rock.00030,rock,9,1.1768472,12.312959
rock/rock.00031,rock,9,-0.9514367,8.162595
rock/rock.00032,rock,9,0.047976274,5.251416
rock/rock.00033,rock,9,-0.33809575,5.8317504
rock/rock.00034,rock,9,-0.013766959,4.4783397
rock/rock.00035,rock,9,1.1423469,7.7391963
rock/rock.00036,rock,9,-0.35570404,5.0853972
rock/rock.00037,rock,9,-0.4800281,5.3160644
rock/rock.00038,rock,9,-0.5149508,5.2011056
rock/rock.00039,rock,9,0.044594496,4.5514317
rock/rock.00040,rock,9,3.75849,10.439522
rock/rock.00041,rock,9,-0.34468043,5.2538195
rock/rock.00042,rock,9,-0.33702737,7.119309
rock/rock.00043,rock,9,-0.76176697,5.4869094
rock/rock.00044,rock,9,-0.4331163,6.233611
rock/rock.00045,rock,9,0.3816984,5.226492
rock/rock.00046,rock,9,-0.3201772,5.6985536
rock/rock.00047,rock,9,0.7177205,2.1023562
rock/rock.00048,rock,9,-0.20987327,4.524526
rock/rock.00049,rock,9,-0.5791386,6.495558
rock/rock.00050,rock,9,0.7981089,7.4948115
rock/rock.00051,rock,9,-0.944619,8.196792
rock/rock.00052,rock,9,1.1023964,12.420926
rock/rock.00053,rock,9,-0.088096425,4.585595
rock/rock.00054,rock,9,-0.23675056,5.3211565
rock/rock.00055,rock,9,-0.36140567,6.1068845
rock/rock.00056,rock,9,-0.15919432,4.736443
rock/rock.00057,rock,9,-0.38844126,6.165218
rock/rock.00058,rock,9,-0.3541238,6.374261
rock/rock.00059,rock,9,-0.44023356,6.6338067
rock/rock.00060,rock,9,-0.3532391,5.9943714
rock/rock.00061,rock,9,0.015990658,8.3193245
rock/rock.00062,rock,9,9.576309,10.649591
rock/rock.00063,rock,9,-0.07147664,8.634313
rock/rock.00064,rock,9,-1.2738179,6.096573
rock/rock.00065,rock,9,-0.63389367,5.4462314
rock/rock.00066,rock,9,-1.0923535,6.1138153
rock/rock.00067,rock,9,-0.9004163,6.173565
rock/rock.00068,rock,9,-0.6307576,5.4807477
rock/rock.00069,rock,9,-0.5820841,5.613836
rock/rock.00070,rock,9,-1.3297327,6.128053
rock/rock.00071,rock,9,-1.191974,6.1217804
rock/rock.00072,rock,9,-1.0763502,6.137034
rock/rock.00073,rock,9,-0.49871314,5.3911753
rock/rock.00074,rock,9,0.18391265,5.368904
rock/rock.00075,rock,9,1.1772467,11.787307
rock/rock.00076,rock,9,0.8250559,6.983799
rock/rock.00077,rock,9,-1.2611607,6.1138434
rock/rock.00078,rock,9,0.68056893,6.692909
rock/rock.00079,rock,9,-0.55332583,5.401559
rock/rock.00080,rock,9,-0.42444175,5.337885
rock/rock.00081,rock,9,-0.8998628,5.689543
rock/rock.00082,rock,9,-0.6628772,5.398862
rock/rock.00083,rock,9,0.54908216,5.746639
rock/rock.00084,rock,9,-0.4065951,5.2055635
rock/rock.00085,rock,9,-0.8744678,5.680445
rock/rock.00086,rock,9,-0.27803665,4.998896
rock/rock.00087,rock,9,-0.0020324083,4.6055603
rock/rock.00088,rock,9,-1.028392,5.7179503
rock/rock.00089,rock,9,0.77987766,6.6993327
rock/rock.00090,rock,9,-1.2957658,6.071701
rock/rock.00091,rock,9,0.113822825,4.0515823
rock/rock.00092,rock,9,0.07913316,4.085856
rock/rock.00093,rock,9,-0.0066448245,4.5173235
rock/rock.00094,rock,9,0.1301923,4.087327
rock/rock.00095,rock,9,0.12677784,5.195126
rock/rock.00096,rock,9,0.06794707,4.6052938
rock/rock.00097,rock,9,-0.008340806,4.5106926
rock/rock.00098,rock,9,1.1845573,6.334233
rock/rock.00099,rock,9,0.33529004,5.34765
